Gemeente,Gebundelde uitkering Budget Definitief,Lasten Definitief,Baten Definitief,Participatiebudget Definitief,Participatiebudget w.v. Educatiemiddelen Definitief,Participatiebudget Lasten Voorlopig,w.v. besteding bij ROCs Voorlopig,Baten w.v. bij ROCs Voorlopig,Bbz Budget Definitief
Appingedam,4349485,5079602,142138,845120,16414,828893,16414,,3611
Bedum,1621945,1742884,46277,253143,18229,258875,18607,468,635
Bellingwedde,2635175,2617691,47370,473206,13851,594581,13851,6000,14559
Ten Boer,920805,1076534,16934,137108,5221,76896,5214,0,2352
Delfzijl,11227465,12193447,317645,1970830,42326,2035844,42326,0,22729
Groningen,144127806,149173758,3326330,23373389,241138,23064635,243890,166586,221723
Grootegast,1933818,1984507,18472,312089,36367,330330,36319,14000,4446
Haren,2866983,2895794,34401,446902,61837,432561,0,,4007
Hoogezand-Sappemeer,17526873,18241929,566196,3244480,141166,3147240,140981,,51021
Leek,4644860,4927258,99466,659366,56010,673825,56010,,1840
Loppersum,2738479,2839059,125186,521271,9000,494112,9000,,11472
Marum,1889764,2097766,19297,309550,22938,318541,22938,,3548
Almere,86089496,82052867,1632864,12514688,1122664,14312613,1121191,,240905
Stadskanaal,13478753,13359013,434318,2436575,104617,2454812,104617,,49974
Slochteren,2862719,2921168,55484,421860,16000,404161,5174,,23592
Veendam,11820934,11437179,220063,1851100,42799,2301617,242743,,62495
Vlagtwedde,2160761,2657489,67526,465086,36595,846162,36547,,3736
Zeewolde,3329735,3359768,32986,416932,26105,518509,26105,,58271
Skarsterl창n,5058870,5586998,67601,683575,23821,740514,40405,,16476
Winsum,3344672,3298212,120623,479951,9897,570663,9897,,15237
Boarnsterhim,3420186,4930516,85549,530543,14066,441149,14066,,21816
Zuidhorn,2648548,2658780,39391,433239,51343,431135,51310,,18974
Dongeradeel,7804068,8317934,134101,1107047,40814,1223399,40814,,10644
Achtkarspelen,9045550,9808688,400580,1382875,63448,1176144,63448,,24365
Ameland,66523,137686,938,15937,3925,84510,3919,,0
het Bildt,3044941,3510754,68173,461894,14545,469176,14545,,16224
Franekeradeel,5794408,6840839,140120,845442,23055,813945,23055,,24731
Harlingen,6427753,7050370,127197,898088,19576,940139,19576,,16916
Heerenveen,14906910,16529957,282996,2101364,87865,2220554,89771,,25029
Kollumerland en Nieuwkruisland,3928982,4218366,77141,491911,23140,449664,23110,,5494
Leeuwarden,63702541,72804468,1933746,10976999,156887,10642826,156887,,139084
Leeuwarderadeel,2122487,2485592,31280,297609,8621,297033,8621,,10797
Lemsterland,3440254,3999990,57159,549332,24948,385512,28913,,10624
Ooststellingwerf,6450782,7443909,160168,1024361,75105,997076,75105,,60342
Opsterland,7767643,7773688,167871,1213921,145562,1143454,145371,,45601
Schiermonnikoog,76049,129083,5017,13081,1069,22741,0,,0
Smallingerland,23122386,25506013,513309,3813221,105167,3660871,105167,,50689
Terschelling,260401,307553,4062,44638,5577,41299,5577,,2241
Vlieland,40226,62764,1870,17917,1263,10554,1263,,0
Weststellingwerf,6014534,6857611,117792,928719,43417,874051,43417,,13836
Assen,26835063,26178093,866081,4901178,285103,4643596,0,,234844
Coevorden,11873671,12043325,236863,1967042,133152,2357141,132977,,28728
Emmen,47538526,50125176,1004175,8110245,673129,8921527,672246,,60724
Hoogeveen,18303328,16647055,368681,3367508,311220,3371385,310812,,72430
Meppel,9587412,9447809,192573,1424889,223177,1498838,222884,,34210
Littenseradiel,1287429,1790032,65463,238042,9194,171002,9194,,8731
Almelo,34746922,35913226,874053,6176644,260348,5732269,191359,,96875
Borne,2866867,3734902,40344,405997,88992,487308,88875,,10989
Dalfsen,1821194,2134067,29357,236796,64232,374995,65754,,3848
Deventer,37140071,35386454,749649,4837490,235723,5225065,235200,,169616
Enschede,83149168,91404315,1209463,16637910,1154662,17110450,1330355,,317908
Haaksbergen,3859813,4052048,61572,426957,61280,426957,61280,,58586
Hardenberg,10474438,10746776,202034,1510068,195027,1630000,195420,,98747
Hellendoorn,5487324,5369016,121342,737264,38771,861194,38720,,68235
Hengelo,29417029,29758978,1450476,5068128,169446,5303943,169223,,198406
Kampen,9436994,9467489,210838,1235209,97196,985076,97068,,43186
Losser,3970100,4437137,88550,595384,185264,509121,143648,,53697
Noordoostpolder,10409483,10012056,136913,1479241,129569,1734994,120480,,35662
Oldenzaal,7617555,7453740,177710,1243056,178120,1245693,177000,,45282
Ommen,2312771,2584230,24672,202565,20787,392820,20787,,2833
Raalte,4854978,4144756,121265,571352,129473,517919,129473,,11754
Staphorst,1188094,1314502,5713,120761,39457,138646,39405,,1803
Tubbergen,1529253,1670081,22675,222151,64567,272669,64483,,30881
Urk,1507685,1392180,44568,228632,38264,208732,38264,,71718
Wierden,2720667,2727795,49126,358167,79129,401531,79025,,18302
Zwolle,47159915,42506737,956783,6579765,208375,,,,113180
Rijnwaarden,2215595,2476004,41281,371837,59118,372537,59118,,2033
Aalten,3014138,3995037,56331,469459,94012,685468,94012,,62625
Apeldoorn,41859276,45973375,1383698,7006593,399038,6831427,399038,,76067
Arnhem,95474091,95416931,2517388,15406719,570232,16183868,570232,,164222
Barneveld,5937543,5800181,139185,979377,166908,774622,165715,,58495
Beuningen,4139857,4672744,81827,657294,76952,642657,76852,,37237
Brummen,3326145,3672208,146804,463765,40605,554969,56722,,3396
Buren,2151751,2445973,89333,276707,30496,409026,30456,,41670
Culemborg,7226169,7611811,293080,811039,44424,557076,4141,,34924
Doesburg,4118898,4319035,79250,555966,26724,563325,26724,,5577
Doetinchem,14331122,14791949,359103,2475971,67243,2784593,67154,,47181
Druten,2574486,2907703,55425,365756,24579,300366,24500,,28635
Duiven,4388390,5097731,108785,646352,57202,662820,57202,,811
Ede,19721975,21164045,656679,3275506,293315,3917898,297395,,88749
Elburg,2585821,2804550,93817,348088,74265,378176,74861,,19043
Epe,5086968,5770092,151542,851657,67419,866128,67330,,15821
Ermelo,3553311,3806523,53178,442233,65403,541459,65403,,17357
Geldermalsen,2770361,2944419,74610,337666,28697,294698,28697,,15385
Groesbeek,4135008,4457369,141433,645779,117656,766023,117656,,15571
Harderwijk,9337296,10279972,132174,1476515,166839,1525499,236652,,23536
Hattem,1360112,1472020,59713,154143,17865,178607,17865,,20223
Heerde,1919190,2210057,22400,209517,26506,249078,26471,,14788
Heumen,2546779,2784330,64759,382919,30394,388363,30394,,23841
Lochem,4381241,4757424,176078,519907,39872,562672,39872,495,50037
Maasdriel,2183015,2461250,66120,337432,57576,366548,57501,1540,74506
Millingen aan de Rijn,1317541,1478178,23452,213210,53592,245506,53592,0,2121
Nijkerk,4159588,3676534,143861,459714,90745,896109,90745,47184,19237
Nijmegen,95133736,97988276,2384632,15080802,621332,16444377,633330,946847,150487
Oldebroek,2076208,2412485,36317,284082,65081,310636,65081,0,20166
Putten,2213951,2450008,88376,316892,78412,310650,78412,25902,19841
Renkum,7172741,7631985,130119,882533,72458,880786,72458,836,15474
Rheden,11553475,12491106,351614,1773379,161320,1727817,161320,0,36861
Rozendaal,62646,50894,3025,9910,2438,0,2438,0,0
Scherpenzeel,442162,743542,34296,91433,44583,112285,31025,0,28470
Tiel,13738007,15831964,244599,2372866,101129,2421199,0,9024,23272
Ubbergen,1825094,2339482,153437,294758,65105,265854,65106,4000,18800
Voorst,2900087,3109046,86050,322307,22085,254834,22056,0,15481
Wageningen,10073545,8723305,335649,1822391,390041,1949166,389529,30122,20000
Westervoort,4617650,4972637,92991,622208,62193,649797,62193,27589,11457
Winterswijk,7533940,7819691,259459,1272405,345952,1637693,345952,45155,31713
Wijchen,8628601,8641355,188946,1041855,158288,1143455,158288,3251,48677
Zaltbommel,3440975,3751298,98293,471452,44392,483179,44392,181,45243
Zevenaar,7206816,7670404,143223,962612,86869,998903,86869,36291,7430
Zutphen,17168629,17468484,643453,2670520,85153,,,,107425
Nunspeet,2765703,3323674,49916,386224,86978,447509,86978,35607,53766
Dronten,9619132,8438007,170902,1486036,80726,1603620,80620,12157,40146
Neerijnen,1034902,1383759,27959,141272,16282,99678,0,200,1512
Amersfoort,44888450,41615619,981304,6231864,420315,4705093,419763,0,86597
Baarn,4405469,4305793,102956,428862,44088,420067,44030,0,8014
De Bilt,6128809,6636012,113769,740622,36976,911155,36976,229,10702
Bunnik,1090981,1279133,22285,128090,12711,122878,12711,0,3633
Bunschoten,1607035,1725677,36587,184108,29916,221749,29916,18766,4727
Eemnes,861157,1025487,23856,115032,29094,102084,29094,0,2651
Houten,4922450,5743024,325637,505121,54380,640358,66111,6750,27809
Leusden,2577979,2891275,54187,282306,58036,338013,57782,0,4244
Lopik,1061391,1309891,43042,127261,19606,120916,0,585,0
Montfoort,1126061,1233140,29523,125744,25849,164942,25815,2147,0
Renswoude,367686,424117,63922,42711,12825,35876,12808,0,0
Rhenen,2984730,3332335,98125,315335,33729,269617,33682,0,10907
Soest,8928983,8575373,207593,1360990,104481,1114735,104304,2295,25867
Utrecht,132660902,128492251,5303197,18674020,1164002,19162932,1164002,0,282827
Veenendaal,16242172,17824671,487382,2920779,260266,2198289,259925,0,17302
Woudenberg,675890,862196,16504,159243,77351,223387,77431,0,4017
Wijk bij Duurstede,2682385,2846350,130823,260685,41392,233621,41392,0,10784
IJsselstein,5198262,5682776,119985,691502,69812,622239,69721,5121,20511
Zeist,15548226,14967079,401117,2128911,136235,2052535,136235,3063,12524
Nieuwegein,15149220,14919572,264421,1952947,151192,1882755,130222,57923,35316
Aalsmeer,2453061,2312639,59540,290915,49307,280478,49648,1750,22302
Alkmaar,30178963,29206686,1153646,4490815,603178,3339466,602386,25901,56761
Amstelveen,15045375,12117166,586678,2146759,164424,2070308,161522,0,40240
Amsterdam,601472885,590879122,13875600,95606601,2751399,107544633,2750000,6717876,682707
Graft-De Rijp,414147,499801,499,53420,4798,22830,4798,0,2148
Beemster,721700,807818,24667,76078,8103,20860,0,0,1024
Bergen (NH.),3328768,3727938,180905,477068,123885,441524,123877,0,11888
Beverwijk,11923892,12195336,330831,1554366,84382,1554366,320000,9394,23808
Blaricum,998998,1232960,40387,143615,28471,167676,28471,0,2759
Bloemendaal,2306740,2317866,127962,296300,21460,234840,21432,158,12813
Bussum,6438840,6667609,95793,952874,128446,1213220,128446,138331,17389
Castricum,2894490,3493131,35038,194723,43508,439845,43508,0,3483
Diemen,6826518,6610815,144111,866157,76428,991149,76328,0,39364
Edam-Volendam,2630794,2766469,63912,511977,221438,445177,129679,32430,390
Enkhuizen,3671501,4249094,51770,386105,87191,492056,87191,300,3001
Haarlem,51533492,45874591,1578667,7103575,616083,7323568,616083,0,164831
Haarlemmerliede en Spaarnwoude,795472,733877,7413,103177,8133,48407,8123,764,1659
Haarlemmermeer,24987302,21904202,677065,2977499,329727,3251453,544039,256,105565
Heemskerk,9629170,10491142,219472,1336852,59203,1488093,61176,0,21945
Heemstede,3059922,2940419,169110,476342,28209,345405,28172,705,7381
Heerhugowaard,8116523,9363818,234501,1043736,158828,1266130,158640,6733,19228
Heiloo,2382679,2693249,95665,223535,30196,249830,30196,549,17375
Den Helder,24864214,23747087,648078,3931148,187759,3995057,187759,2535,26166
Hilversum,26193265,24779676,416720,3936250,380021,3973778,380021,1074256,103627
Hoorn,19254269,18802967,430136,3052125,478201,3202823,358651,157433,39708
Huizen,8477784,8550018,144706,1395724,206777,1511022,206777,2700,29193
Landsmeer,1076843,1257419,12803,171071,49845,175669,35968,15727,1137
Langedijk,2815129,3103052,47152,301092,42338,518868,42338,997,7353
Laren,1014268,1209186,14724,134224,29110,168709,29110,20,23182
Medemblik,4799843,5574879,88345,504815,50748,477623,50748,0,39164
Muiden,1346747,1246714,9566,128914,11773,172187,11757,0,2143
Naarden,2086261,2084496,33089,238591,20937,394106,20937,961,1334
Oostzaan,778492,897804,15125,120935,27454,98061,18374,0,655
Opmeer,890737,1097158,11673,111543,19987,140163,19960,835,3132
Ouder-Amstel,1512992,1716707,20030,293851,104336,171225,20274,0,803
Purmerend,18885251,18938617,578991,2697648,270659,3326614,270659,0,19883
Schagen,6972600,6798249,204239,878469,45564,932975,45564,6319,43369
Texel,1528862,1472092,17103,180687,14738,216462,14738,0,16847
Uitgeest,1018040,1408235,19670,166297,11170,161916,11156,0,890
Uithoorn,3006547,3393993,80067,423807,50900,483848,51397,4512,6677
Velsen,16876155,16489976,511008,2440674,118582,2751246,121745,11178,14354
Weesp,4616378,4494620,85219,571333,96753,470347,96753,10304,22284
Schermer,623110,630967,5526,55040,4951,21243,4944,0,468
Zandvoort,4607363,5387848,88741,604386,28389,612745,39594,4961,7416
Zeevang,623210,635843,4511,195799,133947,53571,9133,2416,0
Zaanstad,45957754,47999855,1224913,7199968,530290,7282391,420177,22372,64249
Alblasserdam,3512630,3722278,57221,435641,25537,521250,29103,12944,2
Alphen aan den Rijn,13867198,13094137,303652,2050866,203466,2900221,203466,1004470,29185
Barendrecht,6173306,5656447,114554,496224,70597,576835,70503,0,19992
Bergambacht,623231,959500,27661,97898,10819,124370,10819,0,1613
Drechterland,1395884,1579987,10900,194149,60652,236057,60652,2085,13900
Boskoop,2203812,2120174,33874,265302,22439,313631,89651,0,2776
Brielle,2048639,2417261,58095,281675,43386,182843,43329,0,3770
Capelle aan den IJssel,30733805,28489797,820664,4977112,146755,5668813,146755,613618,26278
Delft,44452075,44140305,1369313,7553315,777450,8157378,777450,238000,22423
Dordrecht,53162674,52353708,917200,9673974,396151,9046188,451472,196573,43567
Gorinchem,9858818,9187021,259516,1721578,142910,1418282,142910,0,9086
Gouda,20451324,20843490,346910,3347007,166300,3152867,166300,0,10008
's-Gravenhage,356438891,333337572,10846337,60125577,2391299,62009781,2387454,0,439876
Hardinxveld-Giessendam,1350357,1383771,35626,214571,31538,214571,31538,0,4585
Hellevoetsluis,11494398,10379488,265401,1593329,57707,1587443,120000,1385,39324
Hendrik-Ido-Ambacht,2741773,3438830,38034,385250,56080,414516,63911,9758,4371
Stede Broec,2210559,2448863,32886,264383,54489,370334,54417,21854,23409
Hillegom,2570771,2743400,92030,334428,41275,315832,0,2142,1747
Katwijk,9047685,9210843,266707,1258422,173530,1217834,173530,5006,9259
Krimpen aan den IJssel,5468736,5266466,108448,610714,34839,830120,94839,13159,4281
Leerdam,3709188,4139341,81983,611137,60661,481137,60661,0,617
Leiden,45049625,45827432,1200097,7048147,448988,5971178,449988,17972,53831
Leiderdorp,4343705,4801196,111063,527039,92658,465712,92658,11268,476
Lisse,2310435,2400815,53251,310344,67699,268118,0,3864,6410
Maassluis,11738438,10934368,140660,2236159,68289,2236159,68289,14300,24171
Bernisse,1039928,1048529,57293,165186,27258,96071,27222,0,3035
Nieuwkoop,2288369,2439584,77843,247153,37572,312147,37572,2503,7042
Noordwijk,3233475,3158707,83273,405601,52686,384106,0,5584,7693
Noordwijkerhout,1539820,1755103,52792,171175,24617,163405,0,2793,688
Oegstgeest,2644631,3066629,88169,275096,23065,267607,23065,1965,2069
Oud-Beijerland,2850579,3124833,189045,385523,44082,471143,44025,48311,10798
Binnenmaas,2700806,2672523,44668,369745,47268,453113,47206,43435,2752
Korendijk,752438,716820,13022,116046,17301,144332,17278,12412,1750
Oudewater,874328,1091926,15106,84530,19197,147815,19172,0,0
Papendrecht,5817775,5993470,88418,878548,59197,946160,67464,19306,14258
Ridderkerk,10291670,8992413,125465,1348744,104073,1323912,103936,10495,40291
Rotterdam,548605617,560934284,12938725,97253864,2730858,86911127,2086900,1289754,361187
Rijswijk,18945066,17813187,396447,3109615,237477,3144286,237166,12847,50726
Schiedam,42993634,34778648,1139357,6708339,406311,5892027,394636,0,38858
Schoonhoven,2662067,2978405,124677,264779,21416,318012,21416,0,43936
Sliedrecht,4756308,4881303,73508,613167,80021,692690,91196,9534,0
Cromstrijen,1045406,879374,13358,167869,16920,208401,16898,19264,0
Spijkenisse,29312121,28442553,804405,4069828,241445,4649054,241128,0,29406
Albrandswaard,3736191,3863330,53010,393411,38959,451905,38908,15108,1425
Westvoorne,1016328,1175590,8940,166546,31417,168543,29808,1458,2779
Strijen,847442,933234,11425,117110,14766,137887,14747,14595,0
Vianen,2769104,3309727,128168,305393,38968,234535,16251,0,662
Vlaardingen,34572574,29639333,756784,4980612,327218,5260099,327218,81702,13048
Vlist,852689,962063,34661,101729,11402,108758,11402,0,0
Voorschoten,3579567,4240616,125641,477359,143631,524219,143631,68,2052
Waddinxveen,2573223,3318113,103680,351698,59448,459068,59448,128396,992
Wassenaar,4224979,4630060,60684,719778,42082,373668,42082,228,5254
Woerden,6239893,6655173,142595,741367,81822,1156230,81716,7290,19502
Zoetermeer,42814921,42190921,149863,7040195,401214,8056981,399202,4655,45861
Zoeterwoude,590475,804664,0,69595,13323,17213,3907,0,3616
Zwijndrecht,12716025,12279776,189618,1936498,118590,,,,10995
Nederlek,2257366,2200817,35,242739,17249,275721,17226,0,10183
Ouderkerk,667406,881086,24273,88033,10581,102039,10567,0,18472
Gaasterl창n-Sleat,1174431,1476785,4493,203849,15382,177445,9975,0,12366
Borsele,2657014,2646846,51323,401233,76031,373596,62790,2022,12189
Goes,9853058,8472861,0,1530671,81127,2123662,117356,0,76438
West Maas en Waal,2043795,2563905,30597,238515,16580,125459,0,678,47241
Hulst,4383589,3941733,76491,579310,48299,657223,48299,0,11571
Kapelle,758011,825389,29913,117257,17393,140077,17393,0,7525
Middelburg,16466037,16335706,350148,2615295,97655,1824293,106728,0,19519
Giessenlanden,916229,901792,26577,133141,20527,133141,20527,0,0
Reimerswaal,2670740,2486904,124107,407128,45383,457715,44705,1634,10982
Zederik,955619,937598,18539,149956,21771,119956,21771,0,0
Terneuzen,14283037,13566698,197707,2353018,117995,1867480,117838,8568,10177
Tholen,3818202,3439970,53618,546948,56640,409970,56640,1894,32062
Veere,2091820,2092198,39253,283221,28337,219907,28337,0,30475
Vlissingen,19732806,23309029,303363,3812503,104665,2309286,104665,270,10063
Lingewaal,1077792,1144088,21506,147201,17622,147201,17622,0,4105
De Ronde Venen,5190455,4542573,130241,532255,60961,475635,25117,0,14590
Tytsjerksteradiel,6703516,7659814,143018,986771,45309,1152360,45309,8294,17541
Aalburg,828828,1002296,3284,234139,155584,241807,155380,661,34
Asten,2435680,2458798,21708,281763,46232,301320,46232,1140,6832
Baarle-Nassau,706945,882028,29739,77271,7352,78212,6436,0,434
Bergen op Zoom,21848846,21471263,483418,3739216,146786,3819589,146786,33608,15701
Best,5496240,5200483,67934,614227,65152,614484,64960,0,32015
Boekel,897679,972426,11577,92838,17491,156605,17491,4372,9578
Boxmeer,3700920,3597370,90612,422485,100482,421928,100482,0,25105
Boxtel,5133145,5231915,72492,668127,65656,900497,65656,33981,3921
Breda,61890796,61762519,2158533,8643280,434876,8381812,434876,0,47607
Deurne,5192686,4795802,126603,833557,215892,829959,210074,2220,39481
Pekela,5508056,6246916,159895,925824,18059,1195693,109227,172018,13582
Dongen,3507967,3599629,56059,454200,99089,527864,94897,0,12452
Eersel,1227912,1432029,6613,158548,26771,216252,26771,0,13183
Eindhoven,99080917,88621610,2699576,15079537,468784,16115476,468800,0,316160
Etten-Leur,8838622,8034510,178395,1252488,83363,1297731,85713,0,21473
Geertruidenberg,3760275,3840904,49337,472802,23287,556335,23287,0,10202
Gilze en Rijen,4298132,4885262,72079,532688,73122,577730,46145,6331,12864
Goirle,3099463,3271187,52674,372929,77566,481230,77566,16179,23023
Grave,1643235,1826550,52144,191525,24421,244416,24421,3240,2207
Haaren,871163,1008298,15043,113512,20098,159469,20098,9502,13803
Helmond,37196513,36121155,802967,6505566,225505,7342435,222402,388535,93109
's-Hertogenbosch,51057020,51241785,908877,7601193,490922,8021116,490922,0,27554
Heusden,7420297,7248840,157018,896215,71758,1137592,71758,287721,13620
Hilvarenbeek,1078215,1242334,39424,90909,11701,65447,11701,0,12999
Loon op Zand,2880259,3322800,48042,318147,57935,520196,24055,158933,9873
Mill en Sint Hubert,1222742,1257003,31006,132655,22172,134915,22172,810,3555
"Nuenen, Gerwen en Nederwetten",4705821,4877586,76912,399313,19917,478839,19917,1100,18940
Oirschot,1284010,1315563,13357,143754,17643,157824,17643,0,16607
Oisterwijk,3197104,3560903,65800,365277,70759,388993,19382,1367,4710
Oosterhout,13514612,13534053,331988,1554539,100467,1415750,100335,85029,49200
Oss,18202247,17913053,542281,2889415,216830,3221774,216830,3502,22261
Rucphen,4294459,3947005,99567,531224,66032,415738,65945,0,19146
Schijndel,2740622,3068116,47200,270141,25974,202727,0,3818,7210
Sint-Michielsgestel,2381745,2768087,27330,269073,25822,268075,0,7982,1378
Sint-Oedenrode,1415356,1554905,23005,141090,15476,142064,15456,0,18569
Someren,3008252,2848861,41284,394829,143342,577874,143342,0,12866
Son en Breugel,2295721,2541707,29459,254203,61327,221457,61327,1750,32146
Steenbergen,3364789,3726164,65085,428713,28237,424597,28237,1853,9899
Waterland,1466860,1644570,21247,215082,25932,221930,15859,2430,1055
Tilburg,88107741,93984103,2780452,15070576,913065,16486000,911867,0,177743
Uden,8434485,8203900,144612,1226464,78772,1590207,78772,12542,24075
Valkenswaard,7256118,6642456,115753,1047128,108902,1112682,108355,6009,3762
Veghel,4782516,4945344,67803,507657,57316,454528,0,7799,2434
Veldhoven,6885859,6274189,11864,719461,69530,1097854,69440,118852,17466
Vught,3853399,3423870,123301,358623,40923,394031,40923,2977,27213
Waalre,2272034,2161357,168235,250504,15959,249062,15959,2775,619
Waalwijk,9779300,10011747,139665,1391715,237806,1682215,237494,472695,21803
Werkendam,2319023,2297385,50567,291097,75815,398307,75712,27696,23832
Woensdrecht,3925725,3545946,74842,477003,25926,463954,25892,825,31281
Woudrichem,1310767,1232169,18989,208048,95927,164266,95796,0,145
Zundert,2000324,2054501,30470,272396,37056,,,,1787
Wormerland,2633501,3014353,36496,410513,16143,217620,20810,0,3604
Onderbanken,2119536,2227626,36572,300691,7695,333735,7695,0,305
Landgraaf,15255621,15204284,436440,2867779,279356,2360625,141120,0,13358
Beek,3817092,3564426,32531,521664,22920,549510,22920,13028,5627
Beesel,3265816,3293786,45134,526696,85196,490249,63813,0,40061
Bergen (L.),1956190,2167201,30392,294257,15925,387932,11928,0,17527
Brunssum,14258694,13776310,199205,2035953,41931,1626637,97071,0,7391
Gennep,2950195,3274223,63867,476663,47349,372053,41562,0,13045
Heerlen,65886036,65582132,1233147,12395887,278363,12350022,558731,280269,63966
Kerkrade,29873332,28878014,872439,5177428,175851,4965844,211114,0,44866
Maastricht,57149064,51535073,1206545,8569041,566834,7759514,566834,55879,60028
Meerssen,3098887,2914266,5551,550580,52797,602262,0,2251,1978
Mook en Middelaar,1213654,1203647,18245,158484,15068,134439,15048,0,2545
Nederweert,1549165,1578784,29350,197369,19695,246420,19668,0,8291
Nuth,2910966,2886264,46403,452014,24467,466869,24467,0,9203
Roermond,24388272,22920079,352982,4327021,172726,4135722,172726,443319,47308
Schinnen,2689269,2656592,20738,487302,104670,398607,38899,0,427
Simpelveld,1635024,1925626,34380,282721,14075,296427,14075,0,17167
Stein,4149184,4521316,78298,634054,70825,677303,70825,1836,4998
Vaals,4502986,4523584,12078,706046,29526,705088,0,388,1368
Venlo,39171914,39585548,729144,7171978,851493,6573490,638620,0,84906
Venray,9556061,9501646,111168,1914806,367442,1863365,307033,1294,56317
Voerendaal,2155510,2243396,47886,317362,18940,318651,18940,0,3065
Weert,12661174,12372425,291223,2259017,102928,2686871,102928,174237,50527
Valkenburg aan de Geul,4481023,4481310,77673,699386,68707,714199,68617,0,21605
Lelystad,31590296,30783281,798135,5294635,245288,4794393,245280,9206,102955
Horst aan de Maas,4425362,4929129,78759,566048,135337,600186,101369,1179,99548
Oude IJsselstreek,6641938,7363679,126834,886079,226814,1249685,226814,351005,30493
Teylingen,2992714,3068858,104386,231373,83701,186288,0,7348,4023
Utrechtse Heuvelrug,5960065,6823189,224369,660276,61543,690558,65742,280,29227
Oost Gelre,3973646,3989775,135690,538249,185434,1020029,185434,41263,51548
Koggenland,1548548,1887744,24173,189906,58885,515031,58885,7395,7937
Lansingerland,6293499,6261055,135826,587908,75358,700390,75259,8780,37039
Leudal,3875693,4239837,98154,424353,31882,550355,31840,0,19655
Maasgouw,3425092,3603279,92055,454378,35342,410365,35342,133807,15022
Eemsmond,4607959,5798037,148734,733429,44139,732282,44082,0,22170
Gemert-Bakel,4909925,4667713,51573,551675,61885,589000,61885,1263,25150
Halderberge,4878954,5410052,241844,640038,67706,507070,67706,2307,39963
Heeze-Leende,1307990,1467149,29271,182619,11713,198062,11637,1080,8335
Laarbeek,2457882,2415016,92961,306830,46615,356566,46615,910,5792
De Marne,3055335,3057265,87346,433591,12133,545032,12133,2486,1853
Reusel-De Mierden,1049846,1070141,15214,137845,51264,156040,51264,0,1141
Roerdalen,4016287,3597792,60263,544589,67288,746937,67199,628,12242
Maasdonk,830232,788305,32419,101254,18526,123527,18526,0,16547
Rijnwoude,1441378,1576309,41577,176679,28054,243179,28054,0,39509
Roosendaal,21151682,21909981,508850,3486227,168563,5504641,172477,54004,44034
Schouwen-Duiveland,4873834,5158791,182343,657702,90493,795915,107753,68412,33320
Aa en Hunze,3958324,4181982,138520,718437,23220,727189,0,0,28481
Borger-Odoorn,5831112,6404237,228938,1082652,97615,974962,97615,1082652,9511
Cuijk,4975961,4936333,108470,596475,82653,691553,82653,8889,10146
Landerd,1062926,1015289,1608,134784,22124,142272,22124,0,0
De Wolden,2419741,2556542,139085,461680,170657,454144,170657,14481,12201
Noord-Beveland,1054217,1196018,0,151062,12090,218074,24904,35,8172
Wijdemeren,2417499,2670682,46595,314522,34400,345696,34400,925,8161
Noordenveld,6199940,6913093,80458,956744,74731,987475,74731,20964,34657
Twenterand,6283686,5871967,121243,804622,139316,754696,139316,10437,30855
Westerveld,3204391,3671540,81719,468920,131784,451285,131784,270,6962
Sint Anthonis,838862,715467,28307,108298,14560,127985,14560,0,6426
Lingewaard,7922631,6177697,176537,902551,136591,679933,136591,3301,24051
Cranendonck,2817948,2988611,74024,321992,21156,380704,21128,4447,5832
Steenwijkerland,11243406,10787018,207973,1445054,47679,1647149,47679,2970,52755
Moerdijk,4947467,4896407,94421,591910,129517,,,,2698
Echt-Susteren,6625751,6552181,89027,873228,37146,878912,37146,0,45688
Sluis,3882972,3946811,87329,565390,37923,638992,37923,137337,0
Drimmelen,1978944,1934361,67073,271671,26844,276711,26809,5039,4732
Bernheze,2765093,3077820,11162,354950,79535,245969,0,6823,21152
Ferwerderadiel,2195224,2320370,103354,287459,7879,335375,7879,1232,5408
Alphen-Chaam,577243,718971,10139,72944,14174,93647,14634,0,48537
Bergeijk,1953200,1993752,17196,172961,15404,336207,15404,1000,2484
Bladel,1529441,1717859,26247,244225,91443,352981,91443,0,10020
Gulpen-Wittem,1681307,1808539,6550,345028,39167,335044,0,958,20121
Tynaarlo,4876458,4901017,218844,634277,22904,639886,0,0,81992
Midden-Drenthe,5604587,5716744,99454,978794,247158,1161705,246833,0,8965
Overbetuwe,7423874,7009065,182169,1004589,124932,1046040,124932,1305,37588
Hof van Twente,4516987,4437278,51488,604659,116324,791341,116171,5917,109950
Neder-Betuwe,2597672,3126095,43561,314901,27619,261292,0,0,4730
Rijssen-Holten,4197767,4120078,108254,510729,151859,703627,151408,35057,35600
Geldrop-Mierlo,8944644,9434514,200977,1246197,75057,1194034,0,4166,37057
Olst-Wijhe,1582086,2159073,53935,302752,24201,377466,24201,70705,16960
Dinkelland,2046290,2162219,16175,256695,68012,332846,67923,152,50054
Westland,14204770,13937874,225365,1554868,288343,1670562,288343,0,264590
Midden-Delfland,1223336,1475509,45440,269617,81735,212885,82796,0,2097
Berkelland,6840332,6975729,296780,1000653,154256,1122947,154256,57911,135045
Bronckhorst,3360843,3347821,70203,373121,53420,437815,40141,0,94759
Sittard-Geleen,39911485,37519493,562018,6584663,167675,7335116,167675,230866,29715
Kaag en Braassem,1861573,2248341,56463,287948,60153,340770,60153,720,30597
Dantumadiel,6085115,6773528,214118,889754,30364,951205,30364,9069,17041
Zuidplas,6294975,6602772,52384,954904,80813,1169578,80813,1033727,20756
Peel en Maas,4908833,4576155,58589,576950,50290,684870,40124,13174,109861
Oldambt,17297077,18259876,326871,3433721,140539,3025845,140539,142045,37640
Zwartewaterland,2049793,2727339,78330,213440,55857,,,,26210
S청dwest-Frysl창n,25590717,27495285,623895,3882704,357474,3069404,357474,133476,161264
Bodegraven-Reeuwijk,2795567,2768111,38800,372950,53596,388638,53569,0,14868
Eijsden-Margraten,2838414,2821067,21199,551410,69408,582316,0,1821,2553
Stichtse Vecht,9368417,9205325,196187,966609,106869,1069938,109341,1350,36788
Menameradiel,2089549,2586508,47073,342210,11341,404543,11341,2700,15846
Hollands Kroon,6455249,6165923,220982,761598,54876,850043,54876,5663,51117
Leidschendam-Voorburg,25734392,24281119,906859,3768414,236859,3699051,236859,39400,49507
Goeree-Overflakkee,4366868,4197792,54980,1382641,857201,1198927,617760,882,16775
Pijnacker-Nootdorp,6223236,6179072,72257,712570,88740,542690,87688,581,24133
Molenwaard,2221498,2319893,78754,310764,47492,250764,47492,0,739
Montferland,5960413,7297166,337436,1103661,240744,1202137,240744,74358,19192
Menterwolde,3997453,4324065,98125,752066,44140,936603,44140,13691,15653
