"Gemeenten","Baten - Algemene Uitkering Gemeentefonds|2007","Baten - Algemene Uitkering Gemeentefonds|2008","Baten - Algemene Uitkering Gemeentefonds|2009","Baten - Algemene Uitkering Gemeentefonds|2010","Baten - Algemene Uitkering Gemeentefonds|2011","Baten - Algemene Uitkering Gemeentefonds|2012","Baten - Algemene Uitkering Gemeentefonds|2013","Baten - Algemene Uitkering Gemeentefonds|2014","Baten - Algemene Uitkering Gemeentefonds|2015","Baten - Algemene Uitkering Gemeentefonds|2016","Baten - Specifieke uitkeringen|2007","Baten - Specifieke uitkeringen|2008","Baten - Specifieke uitkeringen|2009","Baten - Specifieke uitkeringen|2010","Baten - Specifieke uitkeringen|2011","Baten - Specifieke uitkeringen|2012","Baten - Specifieke uitkeringen|2013","Baten - Specifieke uitkeringen|2014","Baten - Specifieke uitkeringen|2015","Baten - Specifieke uitkeringen|2016","Baten - Integratie-uitkering Sociaal domein|2007","Baten - Integratie-uitkering Sociaal domein|2008","Baten - Integratie-uitkering Sociaal domein|2009","Baten - Integratie-uitkering Sociaal domein|2010","Baten - Integratie-uitkering Sociaal domein|2011","Baten - Integratie-uitkering Sociaal domein|2012","Baten - Integratie-uitkering Sociaal domein|2013","Baten - Integratie-uitkering Sociaal domein|2014","Baten - Integratie-uitkering Sociaal domein|2015","Baten - Integratie-uitkering Sociaal domein|2016"
"Aa en Hunze",20926,22118,23919,23658,22937,23819,22795,23312,21621,22603,40,3425,8130,7471,7750,6621,6906,7426,3778,4553,0,0,0,0,0,0,0,0,13333,12368
"Aalburg",7962,8458,9636,9715,9669,10024,9888,10309,9316,9582,891,844,1584,1444,1562,1519,1670,2029,1031,1193,0,0,0,0,0,0,0,0,4785,4809
"Aalsmeer",14196,16548,18176,20538,20598,21408,20770,20965,19952,21176,2480,2080,3355,2914,3404,3315,3286,3305,2344,3160,0,0,0,0,0,0,0,0,8223,7680
"Aalten",22227,23324,24179,24197,24127,24775,23934,24229,22423,22648,0,50,12318,12514,11701,10901,10550,11062,3897,4461,0,0,0,0,0,0,0,0,15917,15714
"Achtkarspelen",23123,23938,26597,26035,25911,26964,26669,27410,25465,25966,14123,8105,18300,15395,16727,18273,14132,16721,12504,12528,0,0,0,0,0,0,0,0,18060,17387
"Alblasserdam",12639,14697,16628,16101,15927,16034,15720,16637,15871,16020,3963,4258,6181,4743,4493,4185,4245,4786,3998,4096,0,0,0,0,0,0,0,0,8779,8176
"Albrandswaard",12921,14693,16523,17532,17496,17831,17691,18319,16587,17201,4294,3862,3186,4045,3701,4030,4369,4716,3743,4072,0,0,0,0,0,0,0,0,7599,7396
"Alkmaar",93167,97874,106326,112364,114769,113959,112538,114324,106237,112585,44816,39359,46227,37530,45383,37463,38431,40166,33465,33656,0,0,0,0,0,0,0,0,72854,70987
"Almelo",72527,76649,82531,85607,88225,87410,86220,88760,81860,84270,28507,40001,55735,48966,48749,48979,50608,52371,37710,37368,0,0,0,0,0,0,0,0,77056,67696
"Almere",153578,161148,178531,179064,191155,200146,198761,204916,204285,210000,76889,70346,83066,71266,71995,72488,87069,95231,89092,88463,0,0,0,0,0,0,0,0,144167,132508
"Alphen aan den Rijn",78496,83319,96386,96868,94120,95899,94802,99217,90585,93496,20680,18662,28384,27324,27276,27365,27497,28600,19770,21895,0,0,0,0,0,0,0,0,50619,48949
"Alphen-Chaam",6124,6785,7735,7589,7210,7682,7525,7905,6959,7402,1161,1112,1751,1634,1587,1389,1508,1574,952,934,0,0,0,0,0,0,0,0,3433,3277
"Ameland",4520,4870,5221,5481,5299,5365,5271,5473,5467,4966,353,291,732,585,585,548,583,598,247,245,0,0,0,0,0,0,0,0,971,1174
"Amersfoort",124660,131362,142648,150586,151497,156488,154009,158367,151288,151299,49885,47148,65355,54144,64913,59247,59889,61404,47993,42516,0,0,0,0,0,0,0,0,113545,104251
"Amstelveen",56186,63525,69242,71634,71039,72638,70783,74370,67486,71231,16559,16499,17055,15068,16795,16796,16443,16443,17375,18370,0,0,0,0,0,0,0,0,25861,23224
"Amsterdam",1199917,1287997,1371863,1516776,1533298,1503945,1495361,1539854,1406070,1962168,807033,782470,748166,609558,609752,590111,656018,723325,604929,615147,0,0,0,0,0,0,0,0,587498,0
"Apeldoorn",134499,140321,150221,151694,159249,162415,156840,160511,151216,155190,83567,56248,49100,60590,63310,60510,62467,66395,45971,45708,0,0,0,0,0,0,0,0,137257,127914
"Appingedam",12326,13126,14584,14729,14430,15037,14852,15054,13967,14340,5514,9204,10072,9259,8337,8534,8982,9808,5117,5285,0,0,0,0,0,0,0,0,11807,11092
"Arnhem",153462,160483,173624,189098,192280,195902,193890,196604,183670,187169,120999,114249,139050,124242,130523,140794,117170,116509,118828,101480,0,0,0,0,0,0,0,0,165935,159536
"Assen",56731,60047,65670,71391,71934,73959,88311,108888,70415,72988,28259,26632,43571,44315,44120,40426,41521,45968,28725,28217,0,0,0,0,0,0,0,0,81422,83257
"Asten",11119,12011,13655,13741,13369,13583,13322,13793,12492,12905,2376,2272,4889,4885,4937,5119,4985,5049,2669,2992,0,0,0,0,0,0,0,0,7280,6707
"Baarle-Nassau",5924,6329,6946,7318,7192,7209,6868,7108,6254,6450,1273,1299,1507,1488,1509,1409,1286,1418,863,867,0,0,0,0,0,0,0,0,2491,2463
"Baarn",17988,19364,21041,21557,20472,20575,20356,21181,18995,18540,5687,5009,6336,5080,4826,5227,5272,5668,4532,4249,0,0,0,0,0,0,0,0,8575,9566
"Barendrecht",29597,32777,37039,38601,38423,40127,39839,40946,37703,38309,3261,3293,3392,4533,4603,6024,7309,8048,6753,6966,0,0,0,0,0,0,0,0,16292,15152
"Barneveld",34340,37341,40747,42036,41608,43685,42602,43217,40266,42853,7015,6614,8869,5008,8440,8613,8706,9554,6940,8594,0,0,0,0,0,0,0,0,23636,21704
"Bedum",8124,8584,9508,9675,9483,9631,9343,9621,8760,8961,1906,1590,2825,2472,2884,2716,2817,3033,1766,1793,0,0,0,0,0,0,0,0,5488,5604
"Beek",12330,12737,13611,13719,13914,14521,14125,14449,12825,13421,3575,6633,6590,6626,6438,5930,5733,6191,3701,3654,0,0,0,0,0,0,0,0,9217,8033
"Beemster",5820,6277,6979,7206,6975,7147,6946,7307,6828,7066,983,862,1188,964,980,1087,1159,1289,1194,991,0,0,0,0,0,0,0,0,2917,2790
"Beesel",9787,10479,11460,11886,11842,12311,12140,12403,11279,11331,2809,2385,3907,3793,4284,4701,4921,5097,3886,3276,0,0,0,0,0,0,0,0,7799,7231
"Bellingwedde",8376,10192,11066,10697,10367,10509,10405,10405,9637,9724,3207,2783,7107,6163,6471,6135,6228,6230,2682,2889,0,0,0,0,0,0,0,0,7860,7279
"Berg en Dal",25324,27417,30937,31066,30925,31867,31389,33824,29073,30465,8828,7131,12413,12250,11704,11781,12374,13963,7806,9339,0,0,0,0,0,0,0,0,17857,17652
"Bergeijk",11331,12216,13113,13667,13185,13654,13413,14317,12785,13184,2146,4776,5001,4983,5070,4979,5263,5294,2725,2381,0,0,0,0,0,0,0,0,8083,7723
"Bergen (L.)",9860,10554,11941,11945,11556,12019,11662,12092,10985,10894,2226,1913,4716,4898,4865,4879,4541,5235,2661,2661,0,0,0,0,0,0,0,0,7183,7033
"Bergen (NH.)",20597,22574,25015,24983,24832,24194,23255,24227,21288,22211,5469,4760,6333,4731,4999,4653,4780,5200,3987,3821,0,0,0,0,0,0,0,0,8410,9189
"Bergen op Zoom",59462,63605,68421,67603,67905,68987,70003,71367,67825,68254,23842,21422,34196,29339,27569,28686,33244,36035,22793,21649,0,0,0,0,0,0,0,0,49441,48261
"Berkelland",38626,40489,41633,40833,39927,39776,39312,40653,36440,37514,6463,5293,15438,14583,17276,17287,16557,15464,8598,7733,0,0,0,0,0,0,0,0,26761,24462
"Bernheze",18110,19770,21440,21869,21111,22052,21501,22482,20262,20880,4013,3201,7960,7402,7792,7770,8108,8756,3369,3397,0,0,0,0,0,0,0,0,14164,13602
"Best",18858,21075,23513,23298,22535,23137,22351,23396,21128,21601,5899,4747,7705,7027,7735,7488,8781,9220,5631,5617,0,0,0,0,0,0,0,0,10932,11503
"Beuningen",15885,17242,18709,18666,18627,19239,18965,19407,18170,18825,4741,4679,7265,7579,6534,7378,7815,8115,5285,5110,0,0,0,0,0,0,0,0,12168,11414
"Beverwijk",31666,34046,38889,38467,39804,40533,40842,41502,38272,39325,12472,10135,14648,12924,13722,13144,14068,17465,13690,13291,0,0,0,0,0,0,0,0,18454,18674
"het Bildt",10747,11226,11729,11975,11752,12063,11912,12128,11387,11276,0,3620,5857,4171,4768,4197,4447,4808,4214,3729,0,0,0,0,0,0,0,0,6512,6186
"De Bilt",27478,29746,34080,34476,32813,33147,32028,33139,30710,31094,6692,6165,7648,6321,6784,6306,6222,7329,7096,7649,0,0,0,0,0,0,0,0,13763,12926
"Binnenmaas",18502,19358,21490,21607,20699,20175,21045,21091,19724,20135,0,752,3681,3141,3131,3350,3677,3521,2860,3250,0,0,0,0,0,0,0,0,9386,8679
"Bladel",12841,14288,16007,16248,15774,16048,15833,15827,14612,15349,2198,7004,7433,7529,7834,7303,7996,7702,1889,2022,0,0,0,0,0,0,0,0,11615,10754
"Blaricum",5106,5458,6286,6006,5869,5832,5695,5675,5325,5720,1040,1088,892,1217,1153,1276,1334,1451,1462,1295,0,0,0,0,0,0,0,0,2598,2171
"Bloemendaal",12764,13601,16371,15606,14888,14756,13865,14324,12991,13483,3010,2952,2927,1873,2703,2719,3198,3379,2790,2512,0,0,0,0,0,0,0,0,5068,4874
"Bodegraven-Reeuwijk",21215,23170,25799,26378,28500,26628,26264,26694,23466,25054,4301,3189,5438,5319,5344,4941,4961,4531,2915,2915,0,0,0,0,0,0,0,0,11403,10770
"Boekel",6510,7420,7607,7474,7303,7524,7325,7612,6939,7287,1125,1036,2489,2436,2723,2686,2375,2557,1140,1056,0,0,0,0,0,0,0,0,4861,4610
"Ten Boer",5674,6069,6600,6625,6751,7132,6846,6900,6370,6589,989,1052,1052,1382,1510,1485,1595,1768,1323,1324,0,0,0,0,0,0,0,0,3332,3289
"Borger-Odoorn",22387,23574,25476,25575,24391,25369,24713,25241,23094,24191,10761,10151,9976,8423,8334,10198,12107,12651,6042,6667,0,0,0,0,0,0,0,0,16034,16094
"Borne",14229,15159,16677,16947,17181,17975,17222,17636,16635,16743,3654,3367,3211,5968,6276,6277,6176,6111,4624,4410,0,0,0,0,0,0,0,0,11804,11714
"Borsele",15971,16525,18130,18370,17894,18495,18219,18304,16487,16881,2829,2619,4100,3599,3585,3412,3869,4300,2637,2637,0,0,0,0,0,0,0,0,9814,9000
"Boxmeer",20712,22018,23944,24548,23965,24670,24191,24885,22433,22977,4701,4044,9239,8803,9354,8644,8914,9598,4001,3931,0,0,0,0,0,0,0,0,15313,14897
"Boxtel",22018,23707,25977,26556,26148,26696,26204,27468,24706,24626,6669,5578,14977,13879,14272,13867,13373,14288,5601,5665,0,0,0,0,0,0,0,0,21957,22573
"Breda",148566,156822,170072,181649,184924,180109,181772,188697,178724,183561,109748,119732,116410,96540,101213,97680,101065,107493,79897,76280,0,0,0,0,0,0,0,0,120000,121488
"Brielle",11761,12438,13191,13478,13329,13403,13310,13956,12691,13357,133,2110,2340,1915,1737,2050,2415,2616,2597,2744,0,0,0,0,0,0,0,0,4149,4565
"Bronckhorst",28849,29938,30419,30187,29394,30286,29476,29838,27270,28015,3388,3410,8261,8048,7544,7683,7820,7581,4557,4812,0,0,0,0,0,0,0,0,18946,17100
"Brummen",15227,15606,16973,17155,17285,17767,17625,17896,16200,16803,3106,4787,4480,4138,4566,4806,4856,5368,3819,3873,0,0,0,0,0,0,0,0,11566,10258
"Brunssum",26955,28404,30558,32241,32033,32605,30697,30759,29893,28959,17388,16992,26925,24320,25450,25619,24658,23609,11186,10786,0,0,0,0,0,0,0,0,27988,26483
"Bunnik",8385,8708,9936,10018,9906,9742,9897,10135,9717,9603,975,984,1508,1424,1444,1404,1474,1514,1030,1519,0,0,0,0,0,0,0,0,4070,4062
"Bunschoten",11801,12493,13862,13859,13927,14487,14017,14620,13291,13727,1643,1617,2894,2862,2971,2514,2699,3105,1920,1890,0,0,0,0,0,0,0,0,6216,5968
"Buren",16873,17732,19031,19078,18519,19063,18422,18999,17593,18419,2733,2324,2041,1559,4500,4245,4185,4690,2580,2030,0,0,0,0,0,0,0,0,9669,9229
"Capelle aan den IJssel",57269,60622,66535,68237,69266,71568,70035,70056,67977,67150,29501,28641,36843,30477,33395,34524,35624,37946,33729,32694,0,0,0,0,0,0,0,0,35294,36182
"Castricum",22511,24399,27589,27667,27092,27748,26951,27747,25532,25998,3358,2988,4193,3644,3736,3345,4107,4838,3346,3628,0,0,0,0,0,0,0,0,8828,9215
"Coevorden",32126,33470,35775,35244,35231,36616,35692,36039,33775,33879,10420,10601,16833,15175,15810,15720,16925,18075,12298,11432,0,0,0,0,0,0,0,0,21022,19071
"Cranendonck",13555,12741,14428,16029,15645,16497,16355,16879,15268,14420,5373,6153,4977,4654,4704,5225,5498,5521,3429,3230,0,0,0,0,0,0,0,0,8543,9854
"Cromstrijen",8987,9179,9760,10085,9837,10165,10001,10224,9293,9454,0,1258,2035,1848,1704,1776,1646,1690,1062,977,0,0,0,0,0,0,0,0,4376,4179
"Cuijk",17848,18897,20584,21368,22324,21804,21573,22249,20720,21197,6175,5198,11485,10719,11646,11234,10850,10871,4470,5535,0,0,0,0,0,0,0,0,17250,17059
"Culemborg",23260,23959,27322,27874,28586,28601,29153,29317,26265,26505,7826,7826,9638,9040,9842,9736,10150,10150,8902,7911,0,0,0,0,0,0,0,0,13332,12545
"Dalfsen",16281,17472,19128,20339,19541,20527,20280,21013,19292,20219,2446,1696,5499,5232,5606,5026,5026,5026,1726,2680,0,0,0,0,0,0,0,0,12648,11426
"Dantumadiel",15696,17031,19011,18948,18601,19384,19056,19706,17850,18253,6351,14945,11286,9754,9755,10332,10864,10825,7720,7028,0,0,0,0,0,0,0,0,11913,12821
"Delft",95783,104839,115894,119998,116820,116662,118206,118978,110978,112337,77943,77407,69583,56145,54727,61413,64679,70329,64208,60237,0,0,0,0,0,0,0,0,66168,61714
"Delfzijl",26284,26524,29279,30034,30361,30406,30527,30978,29075,29084,16135,15304,19821,14935,14230,15360,16545,15998,12752,12820,0,0,0,0,0,0,0,0,20330,19119
"Deurne",23401,25425,27290,27160,26778,27668,26986,28223,25141,26036,5135,5171,10303,8349,9482,9192,10093,9837,4785,4833,0,0,0,0,0,0,0,0,16294,15915
"Deventer",84326,89187,96448,103436,105021,105767,102371,105839,99351,99545,40040,37588,58260,49225,54503,52737,55011,59402,38762,39965,0,0,0,0,0,0,0,0,73201,76562
"Diemen",17042,19302,21653,22260,22319,23229,23566,23587,22888,23581,7389,7919,10286,8267,7722,9068,8082,8560,7809,8300,0,0,0,0,0,0,0,0,9228,9286
"Dinkelland",17992,19207,20407,20453,20599,20464,20039,20120,18765,19439,2284,2542,5324,4783,5235,5226,5645,5645,2402,2376,0,0,0,0,0,0,0,0,11070,11168
"Doesburg",9982,10374,11636,11451,11367,11818,11450,11877,10910,11284,4534,4006,6358,5617,6165,5940,6340,6942,5114,5065,0,0,0,0,0,0,0,0,8724,7888
"Doetinchem",48318,50405,52919,56222,55802,56918,57186,58067,54290,56187,16576,15628,27142,23385,24903,22798,22848,22848,16354,15588,0,0,0,0,0,0,0,0,63759,60270
"Dongen",15747,18496,20684,20768,20268,20976,20446,21010,19236,19687,5138,5041,6048,5659,5947,5153,5420,5751,3812,3812,0,0,0,0,0,0,0,0,10009,9504
"Dongeradeel",23058,24702,25822,27205,26153,27010,26681,27888,25318,25756,8261,15737,15964,14305,15069,14185,13685,14929,8655,8797,0,0,0,0,0,0,0,0,18892,18245
"Dordrecht",123658,125609,138805,151402,153607,146839,146480,150468,137242,135438,97636,79456,89763,68574,71562,64309,65404,70262,48330,48330,0,0,0,0,0,0,0,0,102155,102155
"Drechterland",12423,13474,14236,14772,14314,14803,14472,15067,13541,14176,2042,1547,2999,2647,2806,2755,2828,2847,1719,1673,0,0,0,0,0,0,0,0,6866,6700
"Drimmelen",16227,17465,19599,19614,19286,19761,19578,20578,18591,19419,2363,4799,4412,4330,3870,4135,4214,4255,2432,2506,0,0,0,0,0,0,0,0,9742,9187
"Dronten",28868,31595,34364,35350,35984,35750,36982,37979,34260,35380,7690,9303,9980,9019,10678,10640,10844,12394,9757,9220,0,0,0,0,0,0,0,0,21082,18250
"Druten",13352,14415,15622,15882,15763,16221,15970,16336,15041,15390,3830,3182,6079,5324,5320,4930,5076,5525,2920,3155,0,0,0,0,0,0,0,0,8610,8572
"Duiven",17904,19237,20800,20900,20565,21409,20706,21387,19448,20007,4297,7064,6698,6931,6581,7028,6860,7046,5691,5358,0,0,0,0,0,0,0,0,11916,11067
"Echt-Susteren",25092,27053,28322,28618,28161,28861,28439,29454,27171,27209,7338,6522,12851,11975,12897,11955,11389,11597,6861,7030,0,0,0,0,0,0,0,0,18429,17894
"Edam-Volendam",23612,25331,27984,29168,28597,29415,28515,29931,28035,28035,3076,2722,2866,5385,5548,5590,5685,5913,3889,3889,0,0,0,0,0,0,0,0,9742,9742
"Ede",82004,83103,93297,92101,95725,97912,98002,96316,90373,92358,25055,22942,31392,32406,29641,27628,28587,29905,20353,20352,0,0,0,0,0,0,0,0,72706,71486
"Eemnes",5076,5552,6437,6272,6120,6347,6260,6343,5925,6158,1059,926,1214,1081,1141,1130,1293,1347,996,1084,0,0,0,0,0,0,0,0,2998,2581
"Eemsmond",16678,17850,19193,18733,18074,17978,17428,18118,16701,16935,5754,5611,8901,9730,9621,9259,9626,11397,6335,6160,0,0,0,0,0,0,0,0,14487,13687
"Eersel",12396,13370,14785,14841,14146,14401,14132,14297,13171,13968,2217,4614,4446,4566,4791,4608,4618,5047,1904,1850,0,0,0,0,0,0,0,0,8876,8590
"Eijsden-Margraten",15288,18065,19644,20022,20355,20569,19638,20397,17334,17838,3374,2922,5767,6463,6463,5766,5694,5591,3162,3308,0,0,0,0,0,0,0,0,12188,10974
"Eindhoven",190816,200374,216612,234314,267686,250913,247607,250145,235359,245254,116821,96289,122639,114689,131281,120663,138238,145396,107617,109720,0,0,0,0,0,0,0,0,157177,157656
"Elburg",13778,15985,17362,17930,17709,18451,17933,18687,17030,17535,2476,2115,6241,5574,5759,6077,6072,5497,2425,3241,0,0,0,0,0,0,0,0,12293,11318
"Emmen",101666,104376,111192,118378,110062,121806,112042,113813,112735,114629,49160,46254,79761,74202,76177,72484,79086,81535,55438,48307,0,0,0,0,0,0,0,0,102466,99283
"Enkhuizen",16685,17364,18665,19138,18825,19260,19089,19380,18473,18482,3913,3416,5184,4828,5017,4983,5622,5979,4729,4437,0,0,0,0,0,0,0,0,9214,8981
"Enschede",153495,163264,167999,193021,194878,194690,191532,193797,183996,189594,185694,163088,157172,135991,147869,142127,136050,144141,112462,103096,0,0,0,0,0,0,0,0,159120,150914
"Epe",23786,25063,27261,27839,27412,27953,27572,27488,25135,25623,4659,4257,10405,10369,10200,10294,10682,10903,5819,5840,0,0,0,0,0,0,0,0,17130,15949
"Ermelo",23313,22336,24497,24863,24684,24462,23827,24714,22440,22872,18,5779,7118,6234,7027,6780,7071,7529,4376,3795,0,0,0,0,0,0,0,0,16936,16037
"Etten-Leur",29455,31340,34240,36420,35650,37208,36345,37668,34233,35171,8978,8120,15003,13446,14458,14126,15403,16233,9112,8227,0,0,0,0,0,0,0,0,23596,21213
"Ferwerderadiel",7828,8354,8727,8985,8906,9141,9132,9137,8516,8810,0,2566,4543,3410,3507,3152,3214,3469,2165,2321,0,0,0,0,0,0,0,0,4806,4777
"Franekeradeel",18575,19756,20889,21051,20905,21786,21559,22181,20885,21214,125,5345,9758,8121,9130,8793,9096,10566,8725,7065,0,0,0,0,0,0,0,0,13929,13467
"De Fryske Marren",40391,42998,46334,47837,47689,49128,48097,51732,45942,46906,9673,8595,13972,12010,12588,12073,12490,13202,14092,13576,0,0,0,0,0,0,0,0,21878,21009
"Geertruidenberg",13942,14898,16644,17023,17100,17502,17651,18358,17095,17065,3310,3007,5130,4895,5067,5021,4794,5484,3024,3964,0,0,0,0,0,0,0,0,10245,9587
"Geldermalsen",18029,18413,20048,20054,19673,20346,19755,20774,19249,19788,3070,2664,4407,4386,4519,4348,4917,6075,3286,3355,0,0,0,0,0,0,0,0,9776,9310
"Geldrop-Mierlo",26724,28714,31946,31732,31401,32202,32161,33357,30684,31199,9598,14629,12670,11285,10727,12365,13534,15377,9257,9220,0,0,0,0,0,0,0,0,18442,17515
"Gemert-Bakel",20387,21750,23743,24447,23640,23846,23812,24419,22339,23937,5892,5053,10240,8774,9544,9183,9095,10236,5077,4999,0,0,0,0,0,0,0,0,14820,13994
"Gennep",13434,14366,15930,15672,15807,15783,15575,15787,14525,14699,3676,2903,8899,7945,8293,7866,7917,7446,3626,3920,0,0,0,0,0,0,0,0,11462,12115
"Giessenlanden",9937,10075,10686,11004,10493,10658,10568,10783,9880,10333,2,757,1313,1306,1384,1313,1626,1680,1064,1064,0,0,0,0,0,0,0,0,4813,4299
"Gilze en Rijen",16451,17826,20377,20312,20109,20480,20231,20883,19427,19794,4404,3977,5631,5022,5575,5723,6068,7820,4982,5032,0,0,0,0,0,0,0,0,11131,10424
"Goeree-Overflakkee",36640,39178,43744,43316,42549,43720,41487,44875,40964,42624,5681,5063,11782,10600,10685,10332,10781,12764,6039,8262,0,0,0,0,0,0,0,0,21930,21265
"Goes",36750,38891,40608,41391,40322,41386,40453,41548,39016,39128,10899,10088,16317,13955,15748,15213,15761,16683,9734,9895,0,0,0,0,0,0,0,0,21164,20842
"Goirle",14443,15758,17563,18478,18494,18652,18245,18918,17803,18182,4617,4588,7048,6651,7114,6850,6264,6690,3897,3906,0,0,0,0,0,0,0,0,12990,12012
"Gooise Meren",38054,41518,46799,47635,45987,46596,45996,48335,44011,44011,9897,8694,11365,10559,11324,11661,11226,13207,11899,11899,0,0,0,0,0,0,0,0,15998,15998
"Gorinchem",32560,34361,38139,40637,38770,39953,39234,39887,36369,37361,0,9109,16105,13813,14033,14033,15280,16536,10967,10405,0,0,0,0,0,0,0,0,21092,20762
"Gouda",73740,77432,83564,89861,89104,89157,87227,87701,82393,84723,29456,26331,35980,29397,30414,27159,31456,34551,20269,21157,0,0,0,0,0,0,0,0,60017,56222
"Grave",9249,9849,9919,11205,11181,11225,11072,11005,10194,10599,2182,2377,4227,4002,3942,3946,3740,3739,1462,1841,0,0,0,0,0,0,0,0,6250,6868
"'s-Gravenhage",674421,715142,754873,847991,839039,831271,845550,857233,794074,799694,472023,450048,447130,500154,361911,363924,400858,468428,418823,393726,0,0,0,0,0,0,0,0,335563,333326
"Groningen",220754,224292,243520,255199,268846,272325,269633,278064,262377,273194,220997,220522,215316,191023,193370,185341,199555,192596,184991,195586,0,0,0,0,0,0,0,0,178144,170362
"Grootegast",9500,10088,11127,10928,10702,10972,10757,11178,10256,10692,2532,2207,4598,3936,4137,4069,4069,4821,2322,2222,0,0,0,0,0,0,0,0,7612,7227
"Gulpen-Wittem",13073,12481,13550,13416,13198,13704,13397,13803,12062,12316,2087,1922,5302,5222,5319,4790,4763,4753,2072,2013,0,0,0,0,0,0,0,0,7174,6892
"Haaksbergen",17846,18986,19578,21586,21294,21769,21316,21820,19841,20648,4814,3764,6412,6292,5607,6347,7325,7178,5014,4980,0,0,0,0,0,0,0,0,10355,9832
"Haaren",9107,9509,10299,10419,9805,10328,9841,9776,9033,9481,1538,1271,3448,3071,3131,2967,3089,3000,1175,1245,0,0,0,0,0,0,0,0,6364,5877
"Haarlem",150373,152108,166584,180146,184821,177833,178739,180406,169745,173197,64461,89090,76002,61194,71217,62085,60320,64006,54721,52369,0,0,0,0,0,0,0,0,108363,107648
"Haarlemmerliede en Spaarnwoude",3477,3872,4243,4303,4150,4328,4470,4505,4056,4166,709,668,690,649,850,905,860,931,880,905,0,0,0,0,0,0,0,0,1406,1397
"Haarlemmermeer",83793,87976,101745,108026,110120,111401,114203,112888,102434,105800,18187,18460,12407,24728,27086,26252,30123,31536,27797,26718,0,0,0,0,0,0,0,0,51264,47947
"Halderberge",21347,22572,24549,24460,23751,24640,24217,24915,22833,23536,5671,4935,10177,11561,10752,10382,10696,12220,5746,5941,0,0,0,0,0,0,0,0,16027,15029
"Hardenberg",42127,44853,49521,50334,49785,52267,51467,53007,47944,49252,11482,22927,24083,21812,20761,20158,20357,19533,11858,13213,0,0,0,0,0,0,0,0,36372,33442
"Harderwijk",32510,35069,39108,39671,39704,41387,41164,43063,39985,40003,8000,8278,13823,12049,12814,13179,13668,15622,11693,11280,0,0,0,0,0,0,0,0,22594,21403
"Hardinxveld-Giessendam",12279,13010,14480,13930,13821,14215,14209,14724,13422,13694,0,801,1907,1885,1779,1999,2182,2475,1659,1659,0,0,0,0,0,0,0,0,6777,6486
"Haren",14590,14813,16402,17675,17289,16697,16923,18068,17135,17069,3014,2742,3556,2942,2978,3126,3398,3398,2389,2389,0,0,0,0,0,0,0,0,7231,6334
"Harlingen",16533,15820,17270,17690,17964,18713,18283,18780,17422,18026,6534,6365,7997,7691,8360,8052,8867,9146,8211,7357,0,0,0,0,0,0,0,0,10339,9720
"Hattem",7865,8444,9524,9358,9210,9489,9126,9417,8614,8906,1177,1147,2354,2194,2383,2428,2439,2631,1541,1526,0,0,0,0,0,0,0,0,5379,4738
"Heemskerk",27465,30113,33613,34949,34984,35381,34987,37075,34490,34757,10791,13956,13115,10982,11877,11098,11761,13976,9405,10215,0,0,0,0,0,0,0,0,18099,17895
"Heemstede",16512,17770,20055,20839,20047,20566,19992,20153,18389,19604,3961,3436,5409,4603,4541,4578,4580,5161,3370,3190,0,0,0,0,0,0,0,0,8465,8008
"Heerde",12468,13389,14450,14763,14771,14993,14588,15224,13921,14235,2145,1973,5658,5069,4740,4482,4890,5031,2230,2362,0,0,0,0,0,0,0,0,9215,8778
"Heerenveen",42148,43889,47947,49403,48903,50291,48963,50409,46972,48602,17034,15925,26670,24520,24117,23569,24709,28250,19255,18652,0,0,0,0,0,0,0,0,32095,30075
"Heerhugowaard",36517,38738,42851,43827,42791,44850,45414,46690,44711,44669,9304,8414,12250,11547,11924,12081,12081,12058,10593,10593,0,0,0,0,0,0,0,0,28319,28475
"Heerlen",109629,103510,110588,128300,126915,128346,125900,125106,113790,116680,73469,64107,98155,92262,91781,93923,97763,100824,63848,64389,0,0,0,0,0,0,0,0,124707,121454
"Heeze-Leende",9670,10478,11600,12040,11780,11941,12321,12845,11570,11953,2876,2552,2415,2390,2387,2610,2536,2749,1749,1676,0,0,0,0,0,0,0,0,5110,5014
"Heiloo",12908,14142,15760,15911,15433,16257,16008,16545,15359,15846,3203,2973,3887,3062,3313,3612,4049,4189,3351,3351,0,0,0,0,0,0,0,0,7732,7538
"Den Helder",55850,57049,62490,61987,64050,66616,64885,66150,60022,59822,28353,30544,37544,29903,29672,26885,27856,31758,23442,25115,0,0,0,0,0,0,0,0,45924,44581
"Hellendoorn",27894,28766,30361,30550,29915,30884,30388,30961,28639,27848,6159,4522,10137,9074,9789,9484,9766,10090,6151,6088,0,0,0,0,0,0,0,0,18285,18195
"Hellevoetsluis",31200,32913,35787,35306,34932,36024,35002,35867,33017,33520,14720,13875,14132,12648,11551,13512,13518,14358,11989,11989,0,0,0,0,0,0,0,0,16821,16821
"Helmond",78251,82740,88298,94271,95706,96015,101946,95151,88938,91409,41842,40200,54078,45913,53851,55420,58412,60095,46569,39845,0,0,0,0,0,0,0,0,79966,77871
"Hendrik-Ido-Ambacht",17590,16128,21576,19969,20431,21750,21458,21838,21325,21569,2592,2243,3056,3062,2655,2695,3534,3575,3733,3737,0,0,0,0,0,0,0,0,10441,9060
"Hengelo",73451,77500,87370,91495,87747,87962,84500,85838,78461,81135,38276,40582,50610,51904,42240,42100,45420,48666,37788,36442,0,0,0,0,0,0,0,0,52674,48575
"'s-Hertogenbosch",116725,123369,133659,145992,155803,156625,153837,157316,147670,150311,106203,100122,102762,55525,83267,82389,85669,90477,67634,62454,0,0,0,0,0,0,0,0,97977,105000
"Heumen",9865,10714,11871,11853,11570,11845,11524,12329,11295,12000,2948,2524,4149,3680,4091,3883,4002,4525,3244,3333,0,0,0,0,0,0,0,0,7169,6323
"Heusden",28355,30106,32280,33439,33063,34466,33445,35287,31839,32341,0,6156,11111,10016,10760,10218,10718,11978,8245,6657,0,0,0,0,0,0,0,0,18003,17501
"Hillegom",14212,14750,16450,17010,16530,16835,16779,17074,16525,17077,1689,2010,3475,3140,3888,4058,4076,4211,3110,2901,0,0,0,0,0,0,0,0,8753,8152
"Hilvarenbeek",9407,9949,10799,11016,10834,11279,10982,11295,10548,10922,2238,1769,3296,2858,2810,2823,2988,2862,899,1202,0,0,0,0,0,0,0,0,5894,5726
"Hilversum",69486,75021,84830,87676,87129,87565,86461,91113,83633,87225,25283,23325,31523,30269,28614,28843,31881,37488,27716,25651,0,0,0,0,0,0,0,0,50664,49469
"Hof van Twente",25192,26601,29066,29770,28843,29883,29237,30220,27268,27787,5473,4834,8355,7207,7004,7281,7521,8001,5049,6049,0,0,0,0,0,0,0,0,15082,13751
"Hollands Kroon",37205,39218,42780,43061,41884,43037,42719,43497,40712,39974,6003,5554,9471,8203,9047,8984,8307,8263,4643,4643,0,0,0,0,0,0,0,0,16802,16612
"Hoogeveen",48786,51467,56103,55841,53941,55443,55230,57378,51664,53718,18105,32676,34254,25061,31769,32389,33864,35067,20774,17698,0,0,0,0,0,0,0,0,46310,42647
"Hoogezand-Sappemeer",34183,36090,39153,39686,39002,40624,39401,40429,37695,39060,19023,17606,25590,22570,23378,24816,25813,27774,29402,28647,0,0,0,0,0,0,0,0,32078,29422
"Hoorn",61704,65442,71669,73411,73314,74073,73742,76925,70628,73036,23217,22343,28268,22308,25386,24310,22952,26776,16333,16152,0,0,0,0,0,0,0,0,44870,44925
"Horst aan de Maas",29403,30748,34690,34840,33333,35263,34668,34015,31070,32329,6320,10246,10626,9176,9969,10366,11607,11162,5492,6422,0,0,0,0,0,0,0,0,18117,17016
"Houten",29764,31701,35012,35912,35530,36676,35984,37557,34237,34734,5367,5254,6985,6175,7224,6624,6856,7267,5991,6578,0,0,0,0,0,0,0,0,17454,17133
"Huizen",29469,31887,34803,35935,35579,36573,35502,36026,33363,34262,9524,8910,11237,9331,10064,10620,11194,11441,8054,9297,0,0,0,0,0,0,0,0,16590,15493
"Hulst",23861,25479,27796,28268,27308,27858,26944,27821,25078,25473,4357,4174,9428,8194,8423,8416,9035,9223,5134,4573,0,0,0,0,0,0,0,0,15275,14335
"IJsselstein",24024,26173,28551,29589,28989,29569,29416,30314,27642,27947,5997,6205,8469,7430,7625,7382,6915,6915,6311,6300,0,0,0,0,0,0,0,0,12426,12682
"Kaag en Braassem",15873,16931,18931,19270,19045,19819,18371,18844,17302,18327,1341,1742,2977,2581,2685,2620,3076,3584,2561,2700,0,0,0,0,0,0,0,0,7576,6968
"Kampen",42721,45607,48725,48702,46956,48274,47394,49883,45327,46374,14902,14249,19300,18842,16749,16579,16955,17978,12457,12620,0,0,0,0,0,0,0,0,30930,27296
"Kapelle",8661,9136,9829,10125,10007,10331,10131,10407,9435,9951,1167,1182,1850,1558,1476,1433,1332,1476,789,879,0,0,0,0,0,0,0,0,4069,3786
"Katwijk",40987,44522,49449,49848,48337,50618,49510,49827,47006,48634,7457,6707,13623,13860,13710,13778,14251,15577,10799,11059,0,0,0,0,0,0,0,0,27425,25648
"Kerkrade",46971,48240,50195,52470,52682,54618,54822,54758,50044,49931,25949,25952,22618,46494,51458,54485,55539,56323,35154,27915,0,0,0,0,0,0,0,0,53126,51186
"Koggenland",15020,15629,17472,17423,16210,16567,16323,17213,15639,16352,1665,1509,2454,2097,2589,2543,2772,3064,2175,2390,0,0,0,0,0,0,0,0,7838,7128
"Kollumerland en Nieuwkruisland",10844,11698,12979,13224,12765,13010,12985,13387,12344,12605,3647,3476,7499,6500,6354,6837,6837,7001,3955,3955,0,0,0,0,0,0,0,0,9319,9131
"Korendijk",7304,7782,8449,8667,8547,8780,8596,8784,8179,8479,0,1002,1683,1383,1324,1221,1302,1344,803,780,0,0,0,0,0,0,0,0,3980,3679
"Krimpen aan den IJssel",21025,23285,25308,25374,24777,25437,25292,25914,23996,24899,5566,7779,7785,6997,7391,7098,7992,8383,5916,5892,0,0,0,0,0,0,0,0,13588,13135
"Krimpenerwaard",42221,44302,48781,49568,48587,49659,48271,49790,45795,49698,7443,6810,10292,8786,9505,9384,9977,11830,8609,8958,0,0,0,0,0,0,0,0,19186,18602
"Laarbeek",13310,14064,16128,16325,15576,15890,15611,16360,14891,15865,2852,2261,5179,5385,5670,5152,5546,5708,2886,2621,0,0,0,0,0,0,0,0,9832,9242
"Landerd",9524,10056,10922,11214,10916,11196,11043,11553,10423,10886,1440,1154,3932,4098,4022,3658,3504,3719,1101,1229,0,0,0,0,0,0,0,0,8195,7020
"Landgraaf",32808,34303,37490,38562,39666,38805,38178,39397,36108,36675,15470,14933,30158,30415,32308,30192,29038,28819,16354,13666,0,0,0,0,0,0,0,0,31882,31121
"Landsmeer",6767,7085,8053,8289,8062,8419,8283,8450,7937,8387,1264,1139,1450,1190,1085,1115,1245,1262,1569,1326,0,0,0,0,0,0,0,0,2821,2589
"Langedijk",15777,16723,17971,18957,19065,19604,19489,19799,17989,19083,3227,2917,2734,3335,3478,3652,4219,5070,3704,3704,0,0,0,0,0,0,0,0,10455,9272
"Lansingerland",31957,33077,40158,39661,39013,42631,42028,43849,40321,42196,5308,5739,6455,7120,8298,8383,9105,9238,7870,8917,0,0,0,0,0,0,0,0,13601,13599
"Laren",6083,7563,9039,9090,8516,8340,7716,7965,7132,7377,988,1002,1211,1046,1291,1339,1386,1617,1288,1311,0,0,0,0,0,0,0,0,2757,2625
"Leek",15861,17076,17976,17976,18111,18393,17954,18671,17495,18264,4687,4060,7686,6394,7658,7278,7980,8553,5215,5650,0,0,0,0,0,0,0,0,12191,11850
"Leerdam",17345,18384,20864,21078,19929,20914,20361,20377,18478,18940,0,3660,5693,5615,5662,5763,6500,6500,4975,4975,0,0,0,0,0,0,0,0,9036,10027
"Leeuwarden",110794,115035,123600,143853,150833,147132,151387,153285,145374,149265,72138,69560,81193,70407,74344,87350,93968,99994,83690,77696,0,0,0,0,0,0,0,0,130454,131609
"Leeuwarderadeel",7327,8261,9261,9152,9057,9335,9185,9647,8793,8745,88,2034,3258,2178,2738,2663,2868,2853,2794,2541,0,0,0,0,0,0,0,0,6338,5247
"Leiden",132013,133724,145020,149969,154212,152976,161574,150432,155163,148798,92199,91556,94137,80144,82053,82901,88427,93215,62014,72249,0,0,0,0,0,0,0,0,84067,79363
"Leiderdorp",18779,20361,22202,22955,22131,22429,21965,23467,21562,22819,4970,4197,6449,5209,6381,6392,7289,7203,4721,5209,0,0,0,0,0,0,0,0,11814,10456
"Leidschendam-Voorburg",59200,64146,72769,74350,72937,73082,71543,71723,68999,69704,24607,24669,28499,25032,24128,24335,28074,33252,32000,32001,0,0,0,0,0,0,0,0,26314,27246
"Lelystad",80863,82064,86252,87001,92720,90387,95000,95719,76127,90868,33437,32907,40772,30730,32240,33440,33735,39637,33355,34099,0,0,0,0,0,0,0,0,51645,50958
"Leudal",28985,28697,31556,32348,30140,30694,29753,30998,27806,28714,4677,4616,10524,9606,10656,10028,9478,9418,4062,4062,0,0,0,0,0,0,0,0,20153,18610
"Leusden",17059,18327,20252,20394,19677,20496,20179,20743,19007,19881,2950,2722,4505,4244,4216,4015,4036,4370,2923,3342,0,0,0,0,0,0,0,0,10309,10061
"Lingewaal",7197,7777,8829,8847,8548,8724,8648,8829,8281,8568,1162,977,1553,1548,1487,1496,1496,1655,980,980,0,0,0,0,0,0,0,0,2813,3127
"Lingewaard",29638,31555,35322,35237,35309,36672,35623,37207,33810,33616,7286,6775,12726,6071,10348,11325,12470,13831,7525,7164,0,0,0,0,0,0,0,0,18670,18846
"Lisse",14270,15819,17819,17918,17618,18062,18146,18078,16463,17124,0,1588,3057,3371,3168,3271,3851,3744,2512,2597,0,0,0,0,0,0,0,0,9107,7930
"Littenseradiel",9789,9745,10157,10293,10185,10647,10389,10912,10008,10294,0,1281,1035,1684,1765,1989,2113,2510,1800,1800,0,0,0,0,0,0,0,0,4204,4147
"Lochem",25510,26551,27587,29112,28387,28154,29010,29521,27196,26037,4328,4042,7107,7492,6262,6602,6967,7393,4163,4163,0,0,0,0,0,0,0,0,14463,14768
"Loon op Zand",14907,15986,17260,17738,16973,18101,17560,18133,16482,17059,35,5921,5956,5956,5956,5857,6108,6483,3213,3390,0,0,0,0,0,0,0,0,11066,10863
"Lopik",10090,10589,11851,11694,11620,11599,11159,11644,10490,11073,1008,902,1791,1488,1698,1832,1696,2248,1366,1611,0,0,0,0,0,0,0,0,5149,4604
"Loppersum",9672,10153,11093,11060,12201,12648,11556,11533,10570,11007,0,2720,3974,4368,4249,4362,4152,4395,2944,2926,0,0,0,0,0,0,0,0,6379,6150
"Losser",16457,17376,18911,19197,18866,19562,19295,19861,18230,18121,4225,8762,8696,8804,8629,8363,8212,7768,3313,4856,0,0,0,0,0,0,0,0,13573,13361
"Maasdriel",15103,15614,16679,17227,16958,17764,17357,18139,16669,17647,0,0,0,0,4387,4386,4154,3953,1754,2695,0,0,0,0,0,0,0,0,9462,9348
"Maasgouw",18771,19281,21143,21122,19987,19699,19702,20163,18668,18686,4020,3572,6943,6204,5997,5971,5970,6502,3492,3492,0,0,0,0,0,0,0,0,10871,10776
"Maassluis",26796,28081,30894,31759,31748,32685,32069,32550,30309,31087,25093,20948,20628,18275,17839,17007,16274,19104,14215,11802,0,0,0,0,0,0,0,0,17335,16396
"Maastricht",116745,125456,132432,139644,146811,146192,140154,144380,134704,142469,73999,69821,89047,70594,75437,73981,88610,79817,57647,62369,0,0,0,0,0,0,0,0,114497,102942
"De Marne",10752,11600,12832,12730,12808,12868,12715,12683,11767,12068,4114,4032,5794,4964,5288,4900,5224,5460,4052,3598,0,0,0,0,0,0,0,0,7207,6364
"Marum",7758,8191,8940,9033,8928,9146,9004,9187,8532,8627,1954,3510,3534,3338,3826,3609,3499,3676,2518,2542,0,0,0,0,0,0,0,0,5660,5398
"Medemblik",33012,33135,36475,36278,37107,36907,36409,37689,33533,34456,5802,4279,5537,5185,5696,7017,6945,7844,6032,6280,0,0,0,0,0,0,0,0,15974,16431
"Meerssen",13942,15147,16424,16633,16123,16331,15916,16024,14731,14970,3723,3723,5724,6237,6698,5650,5527,5305,3308,3149,0,0,0,0,0,0,0,0,10083,9070
"Menameradiel",10037,10418,11082,11316,11263,11783,11633,12106,11135,11487,0,2134,3762,2908,3192,3263,3387,3573,3104,2894,0,0,0,0,0,0,0,0,6369,5677
"Menterwolde",10238,10878,11936,11781,11600,12221,11767,11951,11534,11539,7939,7596,7816,7825,7941,8008,8698,8866,5807,5304,0,0,0,0,0,0,0,0,10118,9421
"Meppel",28198,30056,33037,32545,32139,32943,32301,34202,31429,31512,9625,11286,17219,15093,15277,15655,17154,17413,10098,10013,0,0,0,0,0,0,0,0,22578,21149
"Middelburg",45569,48243,51242,52240,52033,53030,51937,52910,50375,50604,16371,15774,24557,20153,20155,20745,20143,19569,13917,17738,0,0,0,0,0,0,0,0,28118,26880
"Midden-Delfland",10533,11309,12425,12955,12164,12789,12669,12830,11698,12602,1952,1816,2334,2145,2105,1968,2010,2391,1584,1610,0,0,0,0,0,0,0,0,4370,4075
"Midden-Drenthe",27407,29174,30849,31002,30262,31219,30731,32173,29141,29821,4759,4860,10539,9903,10941,10688,10476,11206,5976,6107,0,0,0,0,0,0,0,0,18059,16812
"Mill en Sint Hubert",7935,8350,9462,9009,8872,9200,9133,9401,8521,8863,1279,1233,4118,3984,4173,3939,3935,4182,1305,1356,0,0,0,0,0,0,0,0,5950,6130
"Moerdijk",24037,26401,29520,28351,27766,28687,28005,28471,26873,28352,4880,4963,8215,7177,6999,6934,7592,8437,5580,5930,0,0,0,0,0,0,0,0,15663,14781
"Molenwaard",20193,21658,24011,23804,22435,23143,25051,24046,20826,21915,1574,2112,3415,3097,2991,2876,3332,3317,2481,2481,0,0,0,0,0,0,0,0,10440,9100
"Montferland",26457,27963,29655,29804,29420,30109,29608,30970,28267,29440,6593,6322,12332,10466,11505,11631,11990,13406,8051,7724,0,0,0,0,0,0,0,0,21354,19495
"Montfoort",8261,8967,9774,9812,9554,9996,9787,9857,9551,9533,994,1353,1837,1624,1508,1650,1650,1908,896,1238,0,0,0,0,0,0,0,0,4589,3865
"Mook en Middelaar",5106,5705,6166,6496,6322,6134,6105,6261,5782,5863,1178,2076,2055,1873,1929,2025,2043,2043,1084,1292,0,0,0,0,0,0,0,0,2621,2744
"Neder-Betuwe",15143,15648,16961,18024,18058,18312,17995,18582,17052,17442,2538,2249,4361,3909,4165,4300,4687,4722,3296,3440,0,0,0,0,0,0,0,0,9831,9999
"Nederweert",11125,12279,13376,13695,13460,14241,13626,14304,12889,13484,1728,1483,4222,3976,4216,4106,4140,4328,1698,1711,0,0,0,0,0,0,0,0,8905,7925
"Neerijnen",7824,8736,9254,9470,9308,9450,9191,9476,8324,8930,1220,1173,1082,2346,2340,2216,2265,2582,1570,1580,0,0,0,0,0,0,0,0,4611,4166
"Nieuwegein",45418,48131,52141,54580,53678,55023,54599,55360,51970,53580,17121,16231,19929,17167,16826,17608,18322,19028,18074,17338,0,0,0,0,0,0,0,0,27727,25783
"Nieuwkoop",19654,19370,21259,21754,19844,20530,19463,20202,19217,20242,0,1746,3060,2580,3302,3259,3221,3492,2835,2374,0,0,0,0,0,0,0,0,9250,9008
"Nijkerk",25670,27349,30407,30676,32158,32953,30436,31105,28300,29573,4403,4693,7219,6414,6598,6478,6731,7147,4187,5095,0,0,0,0,0,0,0,0,16094,14083
"Nijmegen",175515,176113,187213,203539,204083,201605,201521,207545,196199,199146,135698,122259,137920,95470,124050,114386,116877,117547,113622,113623,0,0,0,0,0,0,0,0,151706,142094
"Nissewaard",71961,76288,82050,86838,86270,87812,86349,88999,82900,86401,33920,32850,39743,26772,33337,32873,37398,37611,32856,34759,0,0,0,0,0,0,0,0,58147,54264
"Noord-Beveland",6866,7093,7871,7957,7931,8158,8169,8382,7435,7582,925,939,1497,1207,1282,1367,1518,1600,1309,1318,0,0,0,0,0,0,0,0,4092,3806
"Noordenveld",22390,25481,28279,27386,27352,28035,27769,28031,26598,27437,9092,6013,9774,9177,9846,9350,10916,11011,7818,8275,0,0,0,0,0,0,0,0,15564,14675
"Noordoostpolder",38449,40444,43964,44667,43919,45271,45040,46297,41737,44470,11869,11513,17250,14011,15188,14990,15573,16587,11265,12197,0,0,0,0,0,0,0,0,25296,23226
"Noordwijk",16587,18032,20549,20360,20325,20557,20063,20678,18543,18626,3171,2655,2743,4099,4936,4580,4819,5063,3286,3243,0,0,0,0,0,0,0,0,9128,9055
"Noordwijkerhout",9818,10945,12000,12358,11827,12071,12012,12613,11909,12070,1182,1026,2049,1993,2224,2198,2267,2634,1721,1816,0,0,0,0,0,0,0,0,6371,5938
"Nuenen, Gerwen en Nederwetten",14070,15066,16578,16027,15903,16622,16318,16717,15929,16592,4202,3745,5281,4683,5374,5388,5810,6369,5069,4712,0,0,0,0,0,0,0,0,7928,7313
"Nunspeet",18568,19650,21747,21929,22036,22942,22068,23043,20952,21581,3138,2594,6883,7284,7141,6718,6712,7328,3358,3752,0,0,0,0,0,0,0,0,12883,12079
"Nuth",11009,12044,12998,13190,13247,13197,13014,13181,12234,11774,666,2597,6158,5465,5908,5577,5577,5859,3524,3526,0,0,0,0,0,0,0,0,8643,8642
"Oegstgeest",13890,15158,17350,17685,17067,17546,17522,17698,16099,16850,2556,3750,3522,3194,3753,3736,3519,3785,3422,3374,0,0,0,0,0,0,0,0,7876,6985
"Oirschot",12266,13371,14798,14541,13932,14039,13917,14500,12893,13178,1672,1682,4502,5315,5173,4743,4079,5039,2278,1434,0,0,0,0,0,0,0,0,7114,7125
"Oisterwijk",16624,17884,20217,20724,20033,20602,20218,21384,19324,20114,4182,3360,7248,6480,6211,6687,7263,8224,4393,3830,0,0,0,0,0,0,0,0,13461,12613
"Oldambt",40964,43187,47288,47843,47658,48555,47336,46540,43913,45541,8837,15455,37356,31853,35200,36530,37967,38074,19495,19517,0,0,0,0,0,0,0,0,39768,37485
"Oldebroek",15070,16192,17187,17237,16852,17457,17062,17771,16073,16979,2131,2198,2120,5157,5319,5177,5127,5152,2911,2810,0,0,0,0,0,0,0,0,11807,10208
"Oldenzaal",26348,27879,30701,30941,31008,32115,31502,32388,29128,29657,8496,8413,16103,13687,14664,14665,14665,15286,8293,9422,0,0,0,0,0,0,0,0,22092,20439
"Olst-Wijhe",12660,13576,14659,14875,14828,15334,14809,15355,13795,14297,2747,5643,4837,4347,4512,4357,4312,4551,2241,2333,0,0,0,0,0,0,0,0,9064,8282
"Ommen",13324,14401,15718,16217,16109,16751,16069,16953,15340,15696,2286,6792,6668,6130,6293,6066,6210,6606,3017,2950,0,0,0,0,0,0,0,0,10683,9741
"Onderbanken",6380,6829,7189,7311,7406,7591,7412,7572,6856,6996,1960,1860,4391,4873,5340,4960,4360,4844,2471,2218,0,0,0,0,0,0,0,0,6429,5865
"Oost Gelre",23451,24785,27085,26562,25758,26327,25878,26597,23867,24615,3467,13123,12641,11850,14360,13509,12420,11825,4559,4025,0,0,0,0,0,0,0,0,20229,19077
"Oosterhout",39452,41920,45750,47417,46610,48961,48197,48376,45186,46350,12278,11628,17268,15041,15591,15360,17209,19162,14540,13924,0,0,0,0,0,0,0,0,28587,25836
"Ooststellingwerf",21739,22650,25528,25783,25635,25550,25083,26331,24748,25309,7405,6581,11634,9810,10518,10217,12186,12499,7868,8114,0,0,0,0,0,0,0,0,16009,15368
"Oostzaan",5445,6109,7380,7303,7073,7303,7101,7374,6786,7107,742,982,1022,1002,939,959,861,970,945,900,0,0,0,0,0,0,0,0,2139,2378
"Opmeer",7724,8175,9080,8930,8819,9267,9100,9441,8546,8619,1071,767,1287,1143,1301,1356,1383,1491,1554,1426,0,0,0,0,0,0,0,0,3447,3650
"Opsterland",23710,24508,26822,27410,26940,28540,27703,28539,26035,27141,7863,6130,9942,8101,12124,10994,10521,11545,9925,9925,0,0,0,0,0,0,0,0,16414,15563
"Oss",67472,73384,81080,95728,83018,84059,84453,87877,80628,84535,24527,21709,41313,40075,40149,36078,38112,45434,17317,17238,0,0,0,0,0,0,0,0,72720,75131
"Oud-Beijerland",17034,18098,19357,19963,19411,19899,19431,19695,18400,18499,0,2988,4921,4341,4146,4083,4064,3954,3471,3471,0,0,0,0,0,0,0,0,8977,8315
"Oude IJsselstreek",31906,33657,36486,35339,34308,35696,35038,35826,33584,34527,12,6997,7225,13067,11407,12641,11838,11838,6182,8524,0,0,0,0,0,0,0,0,21324,20899
"Ouder-Amstel",7872,8654,9874,10221,9695,9822,9727,9859,9382,9711,1852,1409,1724,1367,1474,1614,1783,1907,1651,1949,0,0,0,0,0,0,0,0,3328,3343
"Oudewater",7064,7091,8118,8325,8208,8356,8054,8539,7896,8135,803,727,1481,1307,1372,1361,1546,1646,1159,1125,0,0,0,0,0,0,0,0,3380,3104
"Overbetuwe",27966,30071,33788,34965,35366,37032,35657,37109,33801,34576,7886,7894,8100,7067,11386,10730,11952,12590,7720,8056,0,0,0,0,0,0,0,0,19638,20241
"Papendrecht",22990,25339,28521,28674,28307,28991,28551,28840,30163,27493,6182,6052,5328,7360,6966,6966,7193,7948,6350,6008,0,0,0,0,0,0,0,0,12429,12004
"Peel en Maas",29697,31454,34369,35102,36069,36852,36451,35525,31960,33111,6158,4508,11911,11468,11733,12340,12428,12433,4916,5597,0,0,0,0,0,0,0,0,20501,19762
"Pekela",12930,13491,14289,14059,14185,14462,14108,14569,13601,13469,6278,14012,13698,11743,12594,11428,11844,13928,6550,6601,0,0,0,0,0,0,0,0,15216,14309
"Pijnacker-Nootdorp",25922,29093,32860,34675,35719,35269,37620,39281,35208,35495,5429,5320,6063,6074,5549,5549,7693,8149,6519,6624,0,0,0,0,0,0,0,0,15316,15609
"Purmerend",66041,68972,77111,78646,77827,80060,79105,81786,76449,77100,21283,20635,28605,23552,22487,21965,24667,27553,22656,26287,0,0,0,0,0,0,0,0,42695,43629
"Putten",15286,16294,18230,17953,17651,18265,18074,18675,17326,18247,2480,1926,4289,4308,4108,4451,4680,4680,2276,2826,0,0,0,0,0,0,0,0,10212,9316
"Raalte",26346,27976,31157,31039,30674,31576,30531,31451,28293,29077,4772,4362,9619,8988,9512,9265,9739,9733,5305,5576,0,0,0,0,0,0,0,0,17446,16009
"Reimerswaal",16827,17767,19779,19777,19110,19906,19326,19842,17771,18457,3340,3030,3887,3592,3613,3562,3412,3562,2532,2877,0,0,0,0,0,0,0,0,8375,8499
"Renkum",24472,25978,28229,28623,27869,28418,27915,28376,25916,26089,7221,6753,9223,8632,9004,9050,9360,11139,8144,7633,0,0,0,0,0,0,0,0,19176,18055
"Renswoude",2512,2438,2681,2867,3255,3257,3241,3314,3342,3450,417,412,340,680,503,640,626,669,433,435,0,0,0,0,0,0,0,0,1731,1566
"Reusel-De Mierden",8121,8764,9882,9724,9544,9797,9472,9825,9133,9635,1387,1226,4431,4532,4949,5062,4869,4893,1620,1447,0,0,0,0,0,0,0,0,6772,6718
"Rheden",34326,37037,41283,41010,40396,41664,40684,42713,39162,39908,13025,11726,18845,17704,15660,16815,17268,20332,14448,12395,0,0,0,0,0,0,0,0,26059,25471
"Rhenen",13132,13807,14757,14936,15021,15365,15030,15797,14629,14956,3537,3019,3052,2564,4769,4739,4958,4962,3432,3609,0,0,0,0,0,0,0,0,7814,7566
"Ridderkerk",35900,38098,41798,41576,41668,42461,41883,43086,38830,40123,13838,18531,19595,16453,16621,16239,17895,18564,9844,10039,0,0,0,0,0,0,0,0,15792,16258
"Rijnwaarden",7496,7867,8677,8986,9049,9382,9166,9360,8845,8967,2452,2260,4077,3602,3602,3607,3794,3978,2568,2568,0,0,0,0,0,0,0,0,6517,6021
"Rijssen-Holten",27348,29366,31253,31550,31814,32866,31692,33278,30021,31070,5003,4496,9216,8401,8943,8218,8318,8514,4483,5530,0,0,0,0,0,0,0,0,17928,16421
"Rijswijk",38994,43356,49219,50539,49816,49626,49237,50516,49129,50052,20038,19284,22400,18234,18701,18003,20700,22824,20002,20650,0,0,0,0,0,0,0,0,21432,19963
"Roerdalen",15773,16463,18411,18152,17774,18323,17655,18286,16239,16567,3842,7006,7433,6871,7731,7301,7875,8256,3971,3671,0,0,0,0,0,0,0,0,11510,10710
"Roermond",52519,54349,59773,61164,60133,60632,60009,62141,57672,59212,28452,26567,41573,35468,35476,34213,35020,35644,27729,25713,0,0,0,0,0,0,0,0,43897,39447
"De Ronde Venen",28636,30321,33749,34183,34092,33056,33611,34063,30232,31789,5121,4625,5877,5416,5059,5696,6352,6381,5373,5413,0,0,0,0,0,0,0,0,12117,11340
"Roosendaal",65265,66591,72394,74409,75936,76238,74617,76589,73506,71421,27040,21404,38161,31415,32561,31699,31148,36704,23265,20901,0,0,0,0,0,0,0,0,52462,48184
"Rotterdam",932132,975124,1070215,1143522,1188840,1177276,1148662,1170536,1039330,1065954,878142,867783,901061,707294,597022,572065,608884,626160,551957,592265,0,0,0,0,0,0,0,0,454555,440660
"Rozendaal",1488,1696,2033,2123,2190,2185,2177,2248,2074,2063,92,78,73,28,33,88,75,97,75,75,0,0,0,0,0,0,0,0,446,350
"Rucphen",15924,16478,17698,18241,17704,18534,17936,18447,16559,17203,5032,4478,11777,11058,11609,11288,12030,12030,4207,4130,0,0,0,0,0,0,0,0,15833,15601
"Schagen",35832,37794,42164,43169,42067,42266,44683,44289,39861,40472,7814,6721,8360,10183,10783,10430,10536,10431,5436,17249,0,0,0,0,0,0,0,0,18455,18420
"Scherpenzeel",5396,5652,6232,6577,6549,6861,6609,6919,6355,6719,987,902,700,585,623,642,708,771,732,790,0,0,0,0,0,0,0,0,3233,2957
"Schiedam",80717,85952,90498,98087,97746,95715,90769,91844,88396,91254,45639,63776,69111,49664,52549,54224,56234,63722,52554,42405,0,0,0,0,0,0,0,0,41776,40959
"Schiermonnikoog",2252,2363,2538,2605,2483,2540,2482,2531,2321,2524,115,103,129,61,75,95,100,104,119,122,0,0,0,0,0,0,0,0,184,0
"Schijndel",15456,17014,19062,18538,18142,18980,18871,19558,17585,19167,3126,2736,7913,7162,7940,7840,8101,9511,3565,3532,0,0,0,0,0,0,0,0,13962,13951
"Schinnen",9577,9928,10638,10808,10529,10753,10550,10929,9979,10515,2441,5018,4810,4617,4541,4509,4097,4125,2274,2350,0,0,0,0,0,0,0,0,7870,7137
"Schouwen-Duiveland",30304,31106,33336,33819,32933,34258,33468,34356,30985,32072,14718,14452,14527,12616,13183,13225,13277,14743,9230,9235,0,0,0,0,0,0,0,0,16197,16196
"Simpelveld",7840,8295,9348,9350,9531,9598,9350,9836,8916,8856,0,1781,5439,5840,5814,4807,4671,4653,1514,1917,0,0,0,0,0,0,0,0,7741,7272
"Sint Anthonis",9458,10008,10918,10953,10535,10648,10326,10673,9419,9747,1074,931,2823,2694,2766,2761,2481,2323,901,884,0,0,0,0,0,0,0,0,4768,4923
"Sint-Michielsgestel",18144,18310,20580,21095,20564,21137,21052,21887,19269,20301,3103,2677,7736,7102,7727,7296,7390,8009,2936,2934,0,0,0,0,0,0,0,0,13423,13319
"Sint-Oedenrode",11199,10813,11837,13377,12961,13427,13008,13644,12118,12512,2299,1968,4703,4413,4612,4200,4254,4475,1800,1802,0,0,0,0,0,0,0,0,7749,7534
"Sittard-Geleen",88927,93104,102264,100535,101246,101477,98751,99694,91270,95571,48178,42249,64389,58259,61476,56559,53813,60573,38601,38773,0,0,0,0,0,0,0,0,69350,62513
"Sliedrecht",19250,20163,22967,23514,22988,23354,22700,23362,21981,21440,5724,4771,7572,6056,6806,6144,7004,7016,5136,5136,0,0,0,0,0,0,0,0,11342,12255
"Slochteren",11544,12397,13200,13885,13512,13769,13810,14496,13006,13331,4452,2856,4812,4012,3964,3964,4655,4928,3174,3174,0,0,0,0,0,0,0,0,6913,6966
"Sluis",22629,24260,26061,26382,26293,26536,25993,26046,22858,23611,4457,4222,7187,6330,6838,6977,7064,7064,3689,4470,0,0,0,0,0,0,0,0,10444,9908
"Smallingerland",50731,54074,59462,57934,58451,59844,58980,60617,55509,59728,28833,25593,35746,28226,30743,32021,32278,38613,27159,24801,0,0,0,0,0,0,0,0,42081,40145
"Soest",30132,33008,36804,37674,37797,38100,37642,38575,34862,35775,9994,9821,16218,11165,10450,12516,13917,14910,11163,10551,0,0,0,0,0,0,0,0,20353,18131
"Someren",12239,13183,14614,14897,14443,14958,14563,15245,13696,14256,2588,2219,4274,4166,4923,4877,4790,5366,3205,3205,0,0,0,0,0,0,0,0,7861,7535
"Son en Breugel",8883,9632,10941,11362,11165,11323,11227,11290,10651,11166,2647,2502,2069,2850,3054,2934,3175,3510,2686,2688,0,0,0,0,0,0,0,0,5564,5152
"Stadskanaal",32125,33919,36507,36567,36313,37563,37181,38138,34722,35443,33941,32774,32461,29067,30002,30879,31142,32477,15230,15309,0,0,0,0,0,0,0,0,37721,36120
"Staphorst",11070,11916,13184,12881,12353,12890,12715,12931,12029,12381,898,887,2366,2056,2369,2175,2305,2475,1395,1445,0,0,0,0,0,0,0,0,6649,5929
"Stede Broec",16670,16849,17869,19248,19291,19046,19046,18946,19212,17141,4074,3426,5705,4799,4905,4832,4774,4397,2864,2612,0,0,0,0,0,0,0,0,10827,10827
"Steenbergen",17489,18726,20200,20901,19885,20438,20226,20747,19068,19964,4224,7429,7045,6426,6240,5968,6214,7202,4223,4685,0,0,0,0,0,0,0,0,11207,10509
"Steenwijkerland",37175,39268,43605,42300,41696,42699,42363,44036,40432,41612,10842,9528,17369,17153,17153,17241,17257,18186,12122,11204,0,0,0,0,0,0,0,0,27448,25719
"Stein",19896,20826,22629,22235,22196,22588,22370,22949,20775,20749,5252,4390,10864,11278,10434,9601,9288,9660,4465,5098,0,0,0,0,0,0,0,0,14686,13671
"Stichtse Vecht",42802,45492,50157,51465,51465,52867,50022,52068,48183,49438,9783,8786,12336,10888,10888,10701,12278,13367,10264,10501,0,0,0,0,0,0,0,0,22410,20425
"Strijen",5963,6857,7501,7828,7670,7761,7607,7913,7172,7168,0,809,1262,997,1201,1159,1184,1278,1040,928,0,0,0,0,0,0,0,0,3683,3433
"Súdwest-Fryslân",75071,79137,86504,88612,88588,87649,89232,90344,81701,83599,25099,24752,36413,31518,31492,32116,36425,40615,30094,33421,0,0,0,0,0,0,0,0,48954,46927
"Terneuzen",48386,51953,57015,56435,54325,54964,54037,55021,50715,52203,17311,16714,26909,22832,24054,22863,23923,27666,14956,14129,0,0,0,0,0,0,0,0,35388,31466
"Terschelling",5387,6234,6901,6955,6714,6825,6601,6791,6337,6219,0,388,649,719,444,506,490,500,347,310,0,0,0,0,0,0,0,0,1760,1623
"Texel",14178,14335,15960,16860,16631,16906,16327,16803,15269,16113,3439,1808,1977,4833,7402,7489,7453,7616,4349,4710,0,0,0,0,0,0,0,0,7008,7126
"Teylingen",22022,23794,26852,26469,26395,27105,26371,27241,24504,25316,639,5058,4794,5194,5246,5505,5602,6043,3554,4055,0,0,0,0,0,0,0,0,14972,14216
"Tholen",20436,21205,22929,23075,22817,23902,23216,23198,21537,21909,4200,3698,5815,5050,5354,5123,6014,6506,3693,3907,0,0,0,0,0,0,0,0,11436,11438
"Tiel",34424,36061,39338,40260,40265,41852,41822,43238,39764,40765,14631,14777,23139,21872,22902,21548,22674,26647,20812,18554,0,0,0,0,0,0,0,0,26436,25536
"Tilburg",180199,195800,216450,233950,237950,237500,233008,242790,226102,238200,154127,147498,128093,106779,104818,111135,111680,120397,96763,95130,0,0,0,0,0,0,0,0,170560,170098
"Tubbergen",13779,14803,15691,16212,15825,16407,16328,16802,15278,15867,1583,1719,4514,4080,4327,3947,4060,4567,1810,1792,0,0,0,0,0,0,0,0,7725,7913
"Twenterand",24007,25278,26754,27619,27238,28108,27741,28123,26318,27285,5079,15340,15644,14471,14798,14596,14367,15197,5794,6575,0,0,0,0,0,0,0,0,24188,22312
"Tynaarlo",22047,23741,26044,26059,25875,26415,25710,26905,24265,25638,4144,3445,6145,5619,6579,6885,7513,8006,5234,5276,0,0,0,0,0,0,0,0,13614,12791
"Tytsjerksteradiel",24478,25927,28420,28686,27693,28206,29088,29762,27590,28190,6003,5453,10141,8776,9576,8974,9698,10626,7657,7836,0,0,0,0,0,0,0,0,16533,15949
"Uden",30901,32423,34436,35426,35120,36398,35931,37746,34860,34902,10982,11413,19688,18249,18502,18421,19241,19635,11346,9538,0,0,0,0,0,0,0,0,25664,24125
"Uitgeest",7509,7981,8598,8955,8834,9177,8992,9322,8796,9166,1124,1445,1500,1249,1418,1326,1573,1915,1707,1649,0,0,0,0,0,0,0,0,3567,3819
"Uithoorn",18606,20578,23109,24016,24035,24515,24236,25055,23031,23884,3085,2766,4046,3809,4455,4355,4349,5342,3943,4360,0,0,0,0,0,0,0,0,10489,9715
"Urk",11714,12721,13433,13621,13712,14434,14417,14957,13493,14011,1672,1672,3756,3574,3573,3573,3573,3885,1929,1889,0,0,0,0,0,0,0,0,9668,9245
"Utrecht",344317,358400,389154,406147,424686,430812,419051,421393,409880,434206,200009,168550,172325,129942,136435,136708,141183,151409,153217,150185,0,0,0,0,0,0,0,0,212209,195370
"Utrechtse Heuvelrug",35742,37690,41051,39453,38689,38604,37961,39068,34823,36656,0,6931,8398,7346,7387,7206,7503,9283,7784,7953,0,0,0,0,0,0,0,0,20623,17892
"Vaals",8861,9528,10327,10507,10781,11013,10626,10692,9806,9916,4488,4132,6654,7410,7828,6208,6738,6426,4856,4565,0,0,0,0,0,0,0,0,5616,5302
"Valkenburg aan de Geul",13465,14245,15446,15810,16113,16438,16016,16180,14413,14299,5185,4602,7362,7044,7320,7044,7164,7511,4740,4949,0,0,0,0,0,0,0,0,9011,8574
"Valkenswaard",22846,24192,27494,27334,26980,27759,27360,27292,24998,26248,7477,6840,10575,11137,10054,9904,10378,11634,8211,8093,0,0,0,0,0,0,0,0,12556,12783
"Veendam",26840,28529,31387,30954,31024,31511,30708,31531,29492,29636,21417,20712,21617,20872,22208,21856,22272,25708,12512,12538,0,0,0,0,0,0,0,0,28906,26828
"Veenendaal",48817,51634,56087,58588,58472,60011,58864,60889,55590,57591,14971,14975,24297,21732,19465,18933,22203,22471,18716,16595,0,0,0,0,0,0,0,0,34475,30846
"Veere",16374,17011,18822,18278,17917,18316,17784,17812,16025,17069,72,1660,3386,2986,2905,2735,3520,3480,1929,1929,0,0,0,0,0,0,0,0,7607,6856
"Veghel",26167,27456,30399,31415,30255,30967,30178,30865,28768,29524,6043,5083,13280,11824,12885,11776,11607,13028,5452,5352,0,0,0,0,0,0,0,0,20287,19801
"Veldhoven",26344,27127,33000,34388,34033,35229,34991,36243,32706,38232,8283,7893,10808,10003,10054,9939,10790,11875,7160,7115,0,0,0,0,0,0,0,0,19202,17749
"Velsen",48904,53975,59403,60138,58564,60338,59324,61187,56040,57604,14276,18917,20204,17903,17807,19341,21108,23292,17363,16834,0,0,0,0,0,0,0,0,31983,30975
"Venlo",89772,93665,102714,118383,115925,115857,116560,117047,108277,116602,41397,40179,53270,50739,47777,51460,50387,51595,35323,40225,0,0,0,0,0,0,0,0,106651,95970
"Venray",32925,35151,38516,40822,39507,40777,40186,39543,37504,34624,9560,8595,19481,20258,19638,19103,19510,21605,9855,10338,0,0,0,0,0,0,0,0,27233,29208
"Vianen",12813,13707,15685,15507,14888,14956,14799,15902,14855,15164,3903,3038,3521,3427,3022,3724,3725,3372,2473,2473,0,0,0,0,0,0,0,0,6565,6405
"Vlaardingen",72907,76148,84674,86281,84176,87196,84202,87701,80175,82660,45118,48201,47667,39953,39160,38520,40560,40071,36740,34635,0,0,0,0,0,0,0,0,51615,52140
"Vlagtwedde",15245,16742,17537,17896,17956,18595,17920,18278,16970,17037,12488,12237,12736,10162,10819,9872,9770,9864,2750,3264,0,0,0,0,0,0,0,0,15014,14161
"Vlieland",2240,2272,2552,2682,2540,2637,2569,2590,2377,2348,112,115,153,103,124,54,53,80,80,67,0,0,0,0,0,0,0,0,287,276
"Vlissingen",44256,44827,48386,49412,57161,56402,54836,56497,57765,58523,389,23408,30283,30245,21996,23757,23595,26207,22600,24497,0,0,0,0,0,0,0,0,63589,62023
"Voerendaal",8687,9032,10159,10141,10014,10240,9843,10384,9444,9549,3,1931,4087,3359,3748,3759,3539,3871,2564,2248,0,0,0,0,0,0,0,0,6948,6092
"Voorschoten",14364,15454,17257,17726,17731,18577,18458,18704,17598,18019,4123,4264,4239,3945,3870,4147,4147,4656,4231,4333,0,0,0,0,0,0,0,0,8307,8065
"Voorst",16957,17886,19574,19687,18958,19554,18883,19662,17644,18455,910,2370,4834,4417,4614,4200,5392,5529,3496,3496,0,0,0,0,0,0,0,0,10472,10713
"Vught",18955,19310,23257,22392,21826,21788,21357,21687,19150,19791,3841,3406,9087,8850,8965,8654,8835,9452,3659,3638,0,0,0,0,0,0,0,0,13301,13020
"Waalre",9462,10469,11983,12112,11432,11606,11319,11371,10573,11123,3069,2706,3779,3692,3388,3276,3320,3946,2846,2656,0,0,0,0,0,0,0,0,5903,5179
"Waalwijk",33593,35363,37831,39277,39322,40245,40284,43398,39812,40215,187,9160,13805,14009,14129,14024,14852,17093,10444,10410,0,0,0,0,0,0,0,0,22294,21747
"Waddinxveen",18612,19695,21899,21310,21110,21415,21222,21243,20312,20954,3943,3502,5391,4721,5111,4526,4739,5804,3550,3551,0,0,0,0,0,0,0,0,11160,10480
"Wageningen",28366,30229,32867,33150,32932,33228,32568,33089,31212,32176,13259,11806,15150,12278,12576,13038,12090,14560,10863,9846,0,0,0,0,0,0,0,0,16115,13973
"Wassenaar",15376,17358,19973,19962,18788,18844,18689,19123,17577,17497,3711,3451,4622,4097,4333,4337,4412,5210,4618,4592,0,0,0,0,0,0,0,0,7588,6912
"Waterland",11776,12513,13023,13729,13505,13764,13340,13658,12696,13378,1334,2078,2202,1932,1928,1932,2057,2087,1370,1758,0,0,0,0,0,0,0,0,4212,4425
"Weert",39768,41710,45251,47639,46869,47467,46400,48000,43714,44768,15981,14259,23969,22835,23262,23042,23789,23586,14077,12428,0,0,0,0,0,0,0,0,28313,26938
"Weesp",14060,14852,16507,17119,16721,17218,16993,17325,15109,16623,5174,4347,5303,5303,4582,4651,5823,6184,5069,5269,0,0,0,0,0,0,0,0,8493,6658
"Werkendam",16798,16711,20056,20579,20199,20796,21442,21802,19357,20147,2891,2457,3992,3721,4094,3685,4061,4092,2347,2958,0,0,0,0,0,0,0,0,9226,9079
"West Maas en Waal",12750,13357,14861,14288,14364,14978,14511,15051,13842,14699,2387,2242,3956,3308,3921,4111,4011,4782,3041,2975,0,0,0,0,0,0,0,0,6828,6683
"Westerveld",15545,17333,18515,18350,18255,17668,18374,19334,17380,17811,2797,2223,5727,5406,5983,5779,6450,7470,4001,3551,0,0,0,0,0,0,0,0,11005,9805
"Westervoort",11124,11907,12367,12486,12402,12803,12693,13021,12007,12332,5184,4622,6915,5821,6705,7007,6975,7014,4353,5330,0,0,0,0,0,0,0,0,9102,8906
"Westland",65314,69078,77200,76061,73754,76633,75109,77143,71466,75044,20217,19279,19121,18489,19704,18704,21103,23314,15593,17958,0,0,0,0,0,0,0,0,37074,35606
"Weststellingwerf",20439,24276,25840,26907,26315,26600,26147,26662,24794,25682,9367,7953,14506,11034,11021,10113,11450,12010,6923,7115,0,0,0,0,0,0,0,0,15848,14640
"Westvoorne",10291,10543,11488,11310,11052,11228,10942,11527,10570,10509,1890,1374,1718,1444,1408,1252,1293,1404,1418,1419,0,0,0,0,0,0,0,0,4654,4024
"Wierden",15368,16133,17478,17697,17329,18073,17845,18721,17228,17385,2485,2270,5361,5144,5366,5349,5602,5592,2858,2972,0,0,0,0,0,0,0,0,8827,8344
"Wijchen",27423,29289,32991,33828,32784,33468,33773,35097,32230,52459,7785,7367,13698,12903,12795,13418,13175,15953,8905,9742,0,0,0,0,0,0,0,0,20196,0
"Wijdemeren",13643,15184,16809,16874,16133,16526,16080,16744,15156,16338,2356,1861,2723,2527,2638,2801,3056,3319,2736,2798,0,0,0,0,0,0,0,0,6192,6065
"Wijk bij Duurstede",15079,16084,17139,17725,17661,17921,17564,17927,16148,17178,2650,2412,4281,3583,4153,4041,3814,4344,3168,3009,0,0,0,0,0,0,0,0,10078,8780
"Winsum",11351,11918,13275,13333,13149,13620,13334,13581,12905,13024,3940,3723,5263,4028,4629,4551,4864,5326,3379,4043,0,0,0,0,0,0,0,0,7740,7132
"Winterswijk",25025,26761,29018,29401,28616,28978,28397,29187,27293,27637,6314,6029,15064,14891,17437,16728,16463,15272,9090,7403,0,0,0,0,0,0,0,0,19762,18788
"Woensdrecht",15200,16069,17723,17891,17460,18332,17808,18185,16124,16935,3576,3318,6088,5349,7069,5867,6253,6450,4021,3588,0,0,0,0,0,0,0,0,10037,9308
"Woerden",34513,37484,40690,41963,41962,43378,43167,44691,40661,42326,5643,13729,12329,11285,11140,11117,11167,11349,6806,6779,0,0,0,0,0,0,0,0,21153,20235
"De Wolden",18352,19322,20681,20563,19892,20568,20143,20455,18745,19524,2537,2218,5600,4941,5338,5132,5447,5829,3210,3085,0,0,0,0,0,0,0,0,9698,9171
"Wormerland",10393,11286,12064,12807,12592,12883,12610,13130,12233,12609,1873,1901,2291,2906,2453,2395,2681,2968,2805,2582,0,0,0,0,0,0,0,0,5240,4911
"Woudenberg",7428,7996,8917,8889,8650,9012,8797,9147,8439,8724,1083,861,1505,1317,1300,1215,1250,1415,1127,1084,0,0,0,0,0,0,0,0,4807,4257
"Woudrichem",9300,9918,11091,11434,11312,11499,11041,11536,10272,10768,1313,1199,2312,2215,2360,2206,2418,2513,1384,1299,0,0,0,0,0,0,0,0,5963,5671
"Zaanstad",123489,130063,142223,158334,158638,164537,160070,165191,152224,160407,47287,48325,58681,49044,47968,47771,55361,58516,54606,60176,0,0,0,0,0,0,0,0,74531,78662
"Zaltbommel",19060,19931,21524,21950,21910,22876,22222,23451,21551,21828,3673,3509,3491,2787,2787,2595,5835,5911,2132,3587,0,0,0,0,0,0,0,0,11889,11306
"Zandvoort",12302,13512,15458,15726,15441,15727,15235,15448,14826,14900,5082,5175,6048,5424,5059,5392,5500,6653,5386,5546,0,0,0,0,0,0,0,0,5868,6105
"Zederik",9369,9909,10959,10757,10390,10818,10415,10651,9830,9983,0,825,1389,1729,1582,1643,1757,1571,1160,1060,0,0,0,0,0,0,0,0,4091,4295
"Zeewolde",14634,16051,17401,17400,17340,17631,17425,17687,16532,17900,2700,2460,3066,2486,2962,2843,3202,3850,4204,3886,0,0,0,0,0,0,0,0,7979,7410
"Zeist",48900,53231,57828,59477,58646,57092,56196,56858,51586,52432,18542,17506,21728,17052,18535,17256,18203,19871,17478,14216,0,0,0,0,0,0,0,0,32580,31748
"Zevenaar",23841,26183,28928,28724,28275,29155,28910,29780,27400,28270,7802,7728,12046,9613,10421,10329,10679,11119,8610,7888,0,0,0,0,0,0,0,0,17027,15660
"Zoetermeer",100666,107114,116228,119701,120655,120669,124979,125535,115932,118285,40392,40141,47370,54739,43578,46795,46014,48674,45803,46149,0,0,0,0,0,0,0,0,59410,57668
"Zoeterwoude",5628,6282,6649,6568,6297,6474,6149,6032,5649,5878,842,1286,1154,966,1043,1142,1278,1633,971,761,0,0,0,0,0,0,0,0,3246,3210
"Zuidhorn",13347,14356,15682,15671,15474,15915,15750,16350,14971,15215,3249,2870,4569,4115,4315,4861,4691,5041,3155,2960,0,0,0,0,0,0,0,0,9330,8690
"Zuidplas",27583,29611,32416,32447,30182,31444,32734,31837,29686,30141,6189,5300,7766,7275,7541,7094,7372,8177,8179,8074,0,0,0,0,0,0,0,0,14229,13631
"Zundert",14694,15479,16853,17711,16669,16966,16607,17277,15525,15925,2107,1989,4843,4454,4347,4313,3843,4757,2400,2403,0,0,0,0,0,0,0,0,9851,9634
"Zutphen",44355,47254,49843,49984,49489,50182,48708,50047,46505,46736,19697,19011,27814,26575,26989,24818,28579,30304,20394,18945,0,0,0,0,0,0,0,0,38707,35917
"Zwartewaterland",15681,15867,17193,16909,16922,17421,16905,17547,16315,16997,2589,2150,3537,3099,2812,2905,3567,4210,2703,2703,0,0,0,0,0,0,0,0,10289,8913
"Zwijndrecht",36229,38279,41969,43214,43539,45585,44383,44267,42304,42519,12887,12887,15744,13529,13630,12678,14626,15643,14349,14349,0,0,0,0,0,0,0,0,21621,19916
"Zwolle",103596,111395,119755,130267,137242,137623,134800,139785,131846,132816,47557,43822,55407,53267,60022,58865,62701,65377,47334,45322,0,0,0,0,0,0,0,0,122320,125978
