"CBS-code","Gemeente","Totaal budget","Jeugd","Participatie","Wmo 2015","Jaar"
1680,"Aa en Hunze","12517228,98",4996879097,3787305317,"3733044,57",2016
738,"Aalburg",4876470096,2310043058,1096289341,1470137698,2016
358,"Aalsmeer",7739357143,3634033726,1142917252,2962406165,2016
197,"Aalten","15906140,64",4414342701,7450159672,4041638271,2016
59,"Achtkarspelen","17663508,44",6592378723,6614736229,4456393484,2016
482,"Alblasserdam",8277350215,3846030152,1873318817,2558001247,2016
613,"Albrandswaard",7507998799,3844753055,1421866089,2241379655,2016
361,"Alkmaar","71057753,5","23373348,92","15119017,17","32565387,42",2016
141,"Almelo","68385860,28","20931067,41","18699729,57","28755063,31",2016
34,"Almere","134663555,9","57195550,14","20729136,86","56738868,86",2016
484,"Alphen aan den Rijn","49486010,3","23967019,58","13571701,84","11947288,88",2016
1723,"Alphen-Chaam",3340837967,1389637174,"881709,7563",1069491036,2016
60,"Ameland",1188938854,"436230,9032","416644,5088","336063,4425",2016
307,"Amersfoort","106416956,6","39746366,33","23234277,14","43436313,11",2016
362,"Amstelveen","23407197,39","11798056,31",3350024507,"8259116,58",2016
363,"Amsterdam","515705303,7",191138019,"147725769,4","176841515,2",2016
200,"Apeldoorn","130212998,3","39491361,71","28154769,24","62566867,39",2016
3,"Appingedam","11079871,13",3175047206,5359808858,2545015071,2016
202,"Arnhem","166038425,8","40356674,07","43581049,45","82100702,31",2016
106,"Assen","86636637,85","21269378,55","19425923,37","45941335,94",2016
743,"Asten",6875687092,2439928561,2504034128,1931724403,2016
744,"Baarle-Nassau",2520994787,"668366,1137","651837,3288",1200791344,2016
308,"Baarn","9538452,77",4496026351,1580974383,3461452037,2016
489,"Barendrecht","15313364,94",9325916523,2109484589,"3877963,83",2016
203,"Barneveld","22024204,06","12404252,05",3269142077,6350809936,2016
5,"Bedum",5763622631,2448138085,1713032684,1602451862,2016
888,"Beek",8104558162,2932494043,2452309564,2719754555,2016
370,"Beemster",2837712452,"1353162,55","462600,6147",1021949288,2016
889,"Beesel",7249472822,2456661396,2316456036,"2476355,39",2016
7,"Bellingwedde",7201089056,2277252433,3174799184,1749037439,2016
1945,"Berg en Dal","17905355,42",6508588915,5786094275,5610672234,2016
1724,"Bergeijk",7787883672,"2618517,23",3076764113,2092602329,2016
893,"Bergen L",7384450072,"2352995,84",3055438654,1976015578,2016
373,"Bergen NH",9502109195,3856611395,1898742376,3746755424,2016
748,"Bergen op Zoom","48361857,34","14440022,28","14422385,11","19499449,95",2016
1859,"Berkelland","24933778,94",9652792046,"8730207,84",6550779056,2016
1721,"Bernheze","13875245,68",4957179776,5471397514,3446668394,2016
753,"Best","12061208,21",4907718943,3967673208,3185816056,2016
209,"Beuningen","11716215,49",5067884788,3747699901,2900630803,2016
375,"Beverwijk","18973564,21",7934615459,6008381972,5030566777,2016
585,"Binnenmaas",8747902548,4021598896,1383172295,3343131357,2016
1728,"Bladel","11020906,82",2859505689,5720726691,2440674435,2016
376,"Blaricum",2138008661,"849392,1532","315387,7874","973228,7203",2016
377,"Bloemendaal",4975905366,2065181193,"834169,2282",2076554944,2016
1901,"Bodegraven-Reeuwijk","10970336,9",5632963266,2250906528,3086467104,2016
755,"Boekel",4675423446,1810670419,1623192556,1241560472,2016
1681,"Borger-Odoorn","16129256,13",6170692432,6265172181,3693391517,2016
147,"Borne","11160028,05",3687731884,3665038977,"3807257,19",2016
654,"Borsele",9196515655,4657776794,1944657311,"2594081,55",2016
756,"Boxmeer","15356186,46",5615505439,5908385145,3832295874,2016
757,"Boxtel","23215708,72",9658409979,9462303694,4094995046,2016
758,"Breda","123280885,1","39606720,15","32350001,64","51324163,28",2016
501,"Brielle",4611952301,2228066451,"782405,3214",1601480529,2016
1876,"Bronckhorst","17090045,28",6514154354,4743758149,"5832132,78",2016
213,"Brummen","10284521,03",4295495141,2565648986,3423376904,2016
899,"Brunssum","26537274,34",7639758846,"12642234,17",6255281331,2016
312,"Bunnik",4161041136,2160951619,"530749,4158",1469340101,2016
313,"Bunschoten",6049800399,"2898008,39",1255632226,1896159783,2016
214,"Buren",9438106985,4044127208,2706490785,2687488992,2016
502,"Capelle aan den IJssel","34905307,49","16473766,45","10532215,98",7899325057,2016
383,"Castricum",9388999238,4430897374,1376396032,3581705833,2016
109,"Coevorden","19193501,14",7172062411,6153813404,5867625325,2016
1706,"Cranendonck",8030717777,2697445789,2613034585,2720237404,2016
611,"Cromstrijen",4303232516,2042854596,"763704,7819",1496673138,2016
1684,"Cuijk","16160364,78","5737114,58","6800061,61",3623188591,2016
216,"Culemborg","12857073,81",5148406224,4570640894,3138026693,2016
148,"Dalfsen","11554137,03",4967081513,3387485195,3199570327,2016
1891,"Dantumadiel","13023801,21","4029559,49",5539249038,3454992685,2016
310,"De Bilt","13125404,97",6402222813,1965879777,4757302383,2016
1940,"De Fryske Marren","21311473,41",9509306826,5278345099,6523821489,2016
1663,"De Marne",6448768653,2558166566,2098288949,1792313138,2016
736,"De Ronde Venen","11432273,34",5501452354,1843390642,4087430342,2016
1690,"De Wolden",9306800843,3341589578,2770308981,3194902284,2016
503,"Delft","61843043,97","18944900,74","16337186,82","26560956,41",2016
10,"Delfzijl","18833286,74",7518268546,6705427547,4609590646,2016
400,"Den Helder","45657714,74","18248805,19","9734006,54",17674903,2016
762,"Deurne","16134696,9",6728777943,"5215098,46",4190820497,2016
150,"Deventer","79539944,66","25695129,38","23663763,32","30181051,96",2016
384,"Diemen",9435526367,"4240019,78",2701113393,2494393194,2016
1774,"Dinkelland","11344754,36",4655963343,3164657111,3524133907,2016
221,"Doesburg",8022365374,"3117312,8",2833605317,2071447256,2016
222,"Doetinchem","62170369,45","14506000,58","11041336,1","36623032,77",2016
766,"Dongen",9813522695,4155136835,2360286522,3298099338,2016
58,"Dongeradeel","18291121,87",6029345295,8060858909,4200917663,2016
505,"Dordrecht","112668387,5","32016235,09","25391711,27","55260441,13",2016
498,"Drechterland",6745988425,3327035313,1390615575,2028337538,2016
1719,"Drimmelen",9367658133,3588400598,2357025878,3422231657,2016
303,"Dronten","18322383,39","11062868,36",2743674955,4515840068,2016
225,"Druten",8587479176,3328903578,"2730043,14",2528532457,2016
226,"Duiven","11060645,18",5466122285,2648802696,2945720198,2016
1711,"Echt-Susteren","18123533,98",6526961386,6042639714,5553932875,2016
385,"Edam-Volendam",9920617702,3968542271,2504008914,3448066518,2016
228,"Ede","69986551,91","26517894,59","12139884,51","31328772,81",2016
317,"Eemnes",2636096516,1346387749,"454895,3366","834813,4306",2016
1651,"Eemsmond","14128837,7",4633638463,5793926571,3701272661,2016
770,"Eersel",8958792927,2819634844,3696814486,2442343597,2016
1903,"Eijsden-Margraten","11076994,24",5380102028,"2452256,98",3244635229,2016
772,"Eindhoven","161459378,3","46242966,62","44147358,22","71069053,44",2016
230,"Elburg","11541664,42",4616037259,3817732281,3107894885,2016
114,"Emmen","100437099,1","28589707,79","34295585,7","37551805,56",2016
388,"Enkhuizen",9162021921,4139518378,2290489053,"2732014,49",2016
153,"Enschede","152177831,5","43174156,61","45488357,76","63515317,16",2016
232,"Epe","16167436,3","5486728,33",5683534961,4997173008,2016
233,"Ermelo","16298030,94",8147768983,4084712507,4065549446,2016
777,"Etten-Leur","21477391,79",8537022135,7268161419,5672208236,2016
1722,"Ferwerderadiel",4940236114,2100045635,"1644865,46",1195325019,2016
70,"Franekeradeel","13729018,96","4967417,82","4611112,31",4150488834,2016
779,"Geertruidenberg",9555313215,"4117039,88",2632286521,2805986814,2016
236,"Geldermalsen",9459336484,3961877823,2624292769,2873165892,2016
1771,"Geldrop-Mierlo","17857021,42",6863675726,5905411836,5087933854,2016
1652,"Gemert-Bakel","14276083,91",5094153627,5548267832,3633662456,2016
907,"Gennep","12235220,3",3676407415,"5574402,75",2984410133,2016
689,"Giessenlanden",4364082729,1950746697,"687011,5259",1726324506,2016
784,"Gilze en Rijen","10445949,27",4715007667,2422380705,"3308560,9",2016
1924,"Goeree-Overflakkee","21739446,25",9041840067,6116581201,6581024979,2016
664,"Goes","21204950,18",7388291343,7692343753,6124315085,2016
785,"Goirle","12041233,76",5660429082,"3404328,32",2976476361,2016
1942,"Gooise Meren","16496217,27",7393408508,3034439206,6068369559,2016
512,"Gorinchem","21077003,74",8494065161,7614099443,4968839136,2016
513,"Gouda","57226513,76","21054672,27","13282772,65","22889068,84",2016
786,"Grave",6679991031,2819536549,2219003786,1641450696,2016
14,"Groningen","175318922,7",45513453,"45423823,12","84381646,58",2016
15,"Grootegast",7364952999,3040955671,2565978564,1758018763,2016
1729,"Gulpen-Wittem",6937307069,1931886659,2726595214,2278825197,2016
158,"Haaksbergen","10068928,94",3703560298,3395393398,2969975244,2016
788,"Haaren",5972333743,2300089279,1991084561,1681159903,2016
392,"Haarlem","106587477,2","30765909,57","21197758,79","54623808,84",2016
393,"Haarlemmerliede Spaarnw",1414533833,"749428,5559","176494,5327","488610,7445",2016
394,"Haarlemmermeer","48450307,02","26349985,5","8446481,24","13653840,28",2016
1655,"Halderberge","15159548,63",4554202412,6007214021,4598132193,2016
160,"Hardenberg","33999215,25","14378528,7","11243162,24",8377524312,2016
243,"Harderwijk","21778630,83",9587483811,6194050345,5997096669,2016
523,"Hardinxveld-Giessendam","6577285,2",3245305783,1245080761,2086898656,2016
17,"Haren","6504962,7",2609454015,1465282659,2430226026,2016
72,"Harlingen",9936093539,4077594291,3259665532,2598833716,2016
244,"Hattem",4803973186,2120307971,1228212188,1455453027,2016
396,"Heemskerk","18108124,74",8334250334,5178571198,4595303205,2016
397,"Heemstede",8089148551,2949081472,"1889728,03",3250339048,2016
246,"Heerde",8865731193,3310631578,"2660166,63",2894932984,2016
74,"Heerenveen","30394621,56","10678492,91","11270531,24","8445597,41",2016
398,"Heerhugowaard","28203148,32","16323517,83",5286209662,6593420829,2016
917,"Heerlen","121887139,6","28272450,72","40742261,25","52872427,64",2016
1658,"Heeze-Leende",5190176867,1907809754,1411583792,1870783322,2016
399,"Heiloo",7517138698,3498335238,1459535641,2559267819,2016
163,"Hellendoorn","16873524,94",7082697659,4605106948,5185720335,2016
530,"Hellevoetsluis","16754626,8",9092079714,3234682528,4427864553,2016
794,"Helmond","78820360,28","24138595,33","24690859,99","29990904,96",2016
531,"Hendrik-Ido-Ambacht",9124790321,5441444694,1207504741,2475840885,2016
164,"Hengelo O","49163777,54","19462436,91","16656005,64","13045334,99",2016
63,"Het Bildt",6250449905,2981313125,1795791434,1473345346,2016
252,"Heumen",6579267279,"2664594,18",1931108988,1983564111,2016
797,"Heusden","17949666,81",7400209253,5535380012,5014077549,2016
534,"Hillegom",8345653602,3620876352,2084542294,2640234955,2016
798,"Hilvarenbeek",5852874272,"2242041,45",1914942986,1695889836,2016
402,"Hilversum","50323892,48","15555013,45","10253417,04",24515462,2016
1735,"Hof van Twente","13843790,32",5308173187,3302093522,"5233523,61",2016
1911,"Hollands Kroon","16989083,11",7710136885,4004185844,5274760385,2016
118,"Hoogeveen","43385443,31","14809063,46","17764264,44","10812115,41",2016
18,"Hoogezand-Sappemeer","29843088,01","11860342,16","10297196,56",7685549287,2016
405,"Hoorn","45154502,37","17230694,02",8002398496,"19921409,85",2016
1507,"Horst aan de Maas","17139312,41",6926316038,5229602638,4983393739,2016
321,"Houten","16814608,47","10421906,22",2278364405,4114337852,2016
406,"Huizen","15609667,15",6968312032,3149169782,"5492185,34",2016
677,"Hulst","14381784,04",5459981004,4725006482,4196796553,2016
353,"IJsselstein","12809498,9","6264683,67",3019394663,3525420569,2016
1884,"Kaag en Braassem","7154025,92",3025062996,1611917404,2517045521,2016
166,"Kampen","27526335,61","12991918,67",7129079764,7405337179,2016
678,"Kapelle",3843561055,1764888899,"713932,2194",1364739936,2016
537,"Katwijk","26352443,25","11880086,28",7399318375,7073038599,2016
928,"Kerkrade","49640052,84","13136554,12","26488726,77","10014771,94",2016
1598,"Koggenland",7323644902,3738464472,1256045493,2329134937,2016
79,"Kollumerland en Nwkruisl",9313445334,2969322507,3436221831,2907900996,2016
588,"Korendijk",3770788196,2002496831,627957847,1140333517,2016
542,"Krimpen aan den IJssel","13202900,22",7089354047,3044152087,3069394089,2016
1931,"Krimpenerwaard","18990796,92",9557144442,3999671172,5433981304,2016
1659,"Laarbeek",9607102188,3626889133,3225281367,2754931688,2016
1685,"Landerd",7129982913,2786704349,2509241147,1834037417,2016
882,"Landgraaf","30818035,13",9367698698,"14336028,77","7114307,66",2016
415,"Landsmeer",2581496547,1332611594,"261667,2848","987217,6685",2016
416,"Langedijk",9402862496,"4906345,26",1712325372,2784191864,2016
1621,"Lansingerland","13733677,82",8845367767,1286536293,3601773756,2016
417,"Laren",2659495961,"933284,4104","404221,7648",1321989786,2016
22,"Leek","12229946,93","5089508,13","4125951,83",3014486968,2016
545,"Leerdam","10063359,01",4238500084,2736631797,3088227129,2016
80,"Leeuwarden","120574433,3","31729806,84","23798796,32","65045830,17",2016
81,"Leeuwarderadeel","5280692,03",2461475586,1157890011,1661326432,2016
546,"Leiden","85911805,48","23393319,72","21425520,77","41092964,99",2016
547,"Leiderdorp","10803646,92","4903134,02",3037937732,2862575163,2016
1916,"Leidschendam-Voorburg","27727036,23","13129026,88",6088026065,8509983283,2016
995,"Lelystad","48033850,58","26611633,55","11186438,58","10235778,45",2016
1640,"Leudal","18688386,55",9207005763,4756252825,4725127963,2016
327,"Leusden",9141245733,4451300475,1831373783,2858571475,2016
733,"Lingewaal",3190730027,1491392736,"578592,7754",1120744516,2016
1705,"Lingewaard","19063887,17",8002417466,5626913524,"5434556,18",2016
553,"Lisse",8182542736,3263593713,1954464531,2964484492,2016
140,"Littenseradiel",4144897892,1850567307,1030023751,1264306834,2016
262,"Lochem","14100609,61",6353514975,"3335035,7",4412058933,2016
809,"Loon op Zand","11411704,18",4400696106,3901137199,3109870876,2016
331,"Lopik",4709831926,2432598948,"895803,1014",1381429876,2016
24,"Loppersum",6252397754,2511721765,1909025167,1831650822,2016
168,"Losser","12707536,97",4730252316,4479649272,3497635382,2016
263,"Maasdriel",9508218726,4059857669,2699616099,2748744958,2016
1641,"Maasgouw","11223784,36",4219008784,3034818149,3969957427,2016
556,"Maassluis","16659618,13",6573319893,5887246722,4199051515,2016
935,"Maastricht","103101989,9","28668311,2","29061940,73",45371738,2016
25,"Marum",5515968164,"2317080,73",1856195043,1342692391,2016
420,"Medemblik","16867818,78",8332235907,3126676243,5408906626,2016
938,"Meerssen",9131033918,3971248863,2251948524,2907836531,2016
1908,"Menameradiel",5764513684,2538574693,"1509824,82","1716114,17",2016
1987,"Menterwolde",9476265568,3587126685,3756059861,2133079022,2016
119,"Meppel","21284055,01",7796858936,8519731475,4967464601,2016
687,"Middelburg","27831041,87","12019112,85",8802134111,7009794911,2016
1842,"Midden-Delfland",4210630532,"2051859,28","843109,7695",1315661482,2016
1731,"Midden-Drenthe","17087915,46",6644405084,5498829185,4944681191,2016
815,"Mill en Sint Hubert","6207428,48","2038407,74",2726684775,1442335965,2016
1709,"Moerdijk","15036246,68","6671080,3",3546711087,4818455295,2016
1927,"Molenwaard",9233456364,"5519825,67",1230550865,2483079829,2016
1955,"Montferland","20077784,94",7336063184,"6594072,01",6147649744,2016
335,"Montfoort U",3905581606,2157174839,"552920,3379",1195486428,2016
944,"Mook en Middelaar",2764215143,"1029157,36","872623,8131","862433,9704",2016
1740,"Neder-Betuwe","10250070,33","5278462,02",2190520239,2781088073,2016
946,"Nederweert",8035974577,2745497988,2816680607,2473795982,2016
304,"Neerijnen",4295351091,1776092715,1285824467,1233433909,2016
356,"Nieuwegein","26030109,03","13073550,16",5373109017,7583449859,2016
569,"Nieuwkoop",9117281238,4505050188,1575982035,3036249014,2016
267,"Nijkerk","14364469,54",7169240063,2743801619,4451427859,2016
268,"Nijmegen","146480278,9","37560743,46","37645216,48","71274318,99",2016
1930,"Nissewaard","55171678,12","20075597,63","10420582,62","24675497,87",2016
1695,"Noord-Beveland",3818077933,2193075407,"650983,1041","974019,4218",2016
1699,"Noordenveld","14896994,3",5642594542,4787604086,4466795674,2016
171,"Noordoostpolder","23740647,72","11123676,68",6551039134,"6065931,91",2016
575,"Noordwijk",9128992307,3582720261,2229762342,3316509705,2016
576,"Noordwijkerhout",6022906269,2733640704,1298052722,1991212844,2016
820,"Nuenen c.a.",7399505413,2834711951,2176723855,2388069608,2016
302,"Nunspeet","12207421,66",5238219365,3502215322,3466986978,2016
951,"Nuth",8371548424,2436486512,3142258972,2792802941,2016
579,"Oegstgeest",7030901125,3723231393,1232326922,"2075342,81",2016
823,"Oirschot",7257749768,2130737198,3185934442,1941078128,2016
824,"Oisterwijk","12916220,87",5263627147,4253035122,3399558599,2016
1895,"Oldambt","38152124,25","11515467,77","18600573,92",8036082569,2016
269,"Oldebroek","10285637,66",4056904011,2771146689,3457586955,2016
173,"Oldenzaal","20730209,79","6945849,96",8282152147,5502207682,2016
1773,"Olst-Wijhe",8420509538,3524477166,2417210994,2478821378,2016
175,"Ommen",9822570825,3854154913,3624829153,2343586759,2016
881,"Onderbanken",5903856752,1870003809,2420296678,1613556266,2016
1586,"Oost Gelre","19244609,13",7481060523,7667143193,4096405413,2016
826,"Oosterhout","26153171,3","11843027,89",7077449073,7232694346,2016
85,"Ooststellingwerf","15354588,58",6030320501,5012301965,4311966117,2016
431,"Oostzaan",2361371682,1260350586,"316852,2562","784168,84",2016
432,"Opmeer",3749808478,1948655156,"513433,4727",1287719849,2016
86,"Opsterland","15848692,19",7035753849,"4692195,34",4120743002,2016
828,"Oss","78458862,83","22095623,58","23748956,32","32614282,92",2016
584,"Oud-Beijerland",8394872401,3994652434,1791418069,2608801898,2016
1509,"Oude IJsselstreek","20958229,64",8358646661,6366633222,6232949752,2016
437,"Ouder-Amstel",3369650849,1755929926,"415744,9228",1197976,2016
589,"Oudewater",3108638515,1378533055,"560810,6232",1169294837,2016
1734,"Overbetuwe","20463599,38","10274282,59","5112639,54",5076677253,2016
590,"Papendrecht","12111277,52","5804374,19",2802492428,3504410905,2016
1894,"Peel en Maas","19997463,81","7294525,69",7013564827,"5689373,29",2016
765,"Pekela","14446319,49",4557802887,7269691413,2618825195,2016
1926,"Pijnacker-Nootdorp","15853716,4",9965109688,2105635549,3782971166,2016
439,"Purmerend","44107590,1","18734334,83",9124952753,"16248302,52",2016
273,"Putten",9552681129,4180608439,"2406649,05","2965423,64",2016
177,"Raalte",16283786,6335824763,5156741277,4791219959,2016
703,"Reimerswaal","8673978,56",4458292112,1764540719,"2451145,73",2016
274,"Renkum","18185248,37",9762997342,3635204636,"4787046,39",2016
339,"Renswoude",1595861198,"852772,8149","344722,1571","398366,2264",2016
1667,"Reusel-De Mierden",6879315837,2098940922,3276618968,1503755947,2016
275,"Rheden","25937122,81",9583822103,8688895604,7664405106,2016
340,"Rhenen","7622810,04",3121775319,2085813769,2415220952,2016
597,"Ridderkerk","16791639,02",6749279798,4308346455,5734012763,2016
196,"Rijnwaarden",6158063415,2136732203,2074841422,1946489791,2016
1742,"Rijssen-Holten","16590497,04",7797234813,4379849865,4413412361,2016
603,"Rijswijk","20288085,79",8674262462,5128000978,"6485822,35",2016
1669,"Roerdalen","10839443,09",3796607283,3875352558,3167483245,2016
957,"Roermond","40781841,89","15015585,6","16207172,03",9559084266,2016
1674,"Roosendaal","49226990,08","19803462,33","18076873,11","11346654,65",2016
599,"Rotterdam",444866888,"154873182,7","120659212,3","169334492,9",2016
277,"Rozendaal","356936,0783","148663,2272","50159,99074","158112,8604",2016
840,"Rucphen","16126240,66",4262874379,"8012821,15",3850545129,2016
441,"Schagen","18670533,09",7710014625,5281482375,"5679036,09",2016
279,"Scherpenzeel",3021548616,1785995189,"310008,4125","925545,0149",2016
606,"Schiedam","41869268,8","16887620,03","15760296,96",9221351806,2016
88,"Schiermonnikoog","190758,9864","55564,52333","33531,03769","101663,4254",2016
844,"Schijndel","14435902,07",4284424859,6915600342,3235876864,2016
962,"Schinnen",7254134678,2526144982,"2075511,32",2652478375,2016
1676,"Schouwen-Duiveland","16464020,03",5772957252,6090594718,4600468057,2016
518,"'s-Gravenhage","328201030,9","119604377,4","84415701,6","124180951,9",2016
796,"'s-Hertogenbosch","106831590,3","34315502,67","31320605,7","41195481,98",2016
965,"Simpelveld",7447035841,2459183903,3101719613,1886132325,2016
1702,"Sint-Anthonis","4979479,68",1834826302,1588002986,1556650392,2016
845,"Sint-Michielsgestel","13893294,78",5138559749,5372130379,3382604653,2016
846,"Sint-Oedenrode",7869788662,3056314814,2825223796,1988250052,2016
1883,"Sittard-Geleen","63134584,63","22836365,9","21895940,29","18402278,44",2016
610,"Sliedrecht","12516298,41",5765683421,3168356583,3582258411,2016
40,"Slochteren","7122627,96",3131027886,2047859826,1943740248,2016
1714,"Sluis","10137274,34",3467997376,2937389844,3731887124,2016
90,"Smallingerland","40962977,32","18045884,66","13990644,63",8926448034,2016
342,"Soest","18268035,37",8598550924,4313153757,5356330687,2016
847,"Someren",7614261168,2908670189,2426026226,2279564753,2016
848,"Son en Breugel",5304536441,2137100327,1397800779,1769635335,2016
37,"Stadskanaal","36597090,01","10201650,89","19334565,57",7060873547,2016
180,"Staphorst",5924384981,2459878972,1316004574,2148501435,2016
532,"Stede Broec","10488996,03",5226886158,2478350824,2783759053,2016
851,"Steenbergen","10767274,45",4312275778,3242211571,3212787098,2016
1708,"Steenwijkerland","25980534,62",9136833933,9384529257,"7459171,43",2016
971,"Stein","13926209,36",5132102669,4791520186,4002586502,2016
1904,"Stichtse Vecht","20814449,61",9523656803,4629134774,6661658037,2016
617,"Strijen",3429234022,1665197908,"659812,9691",1104223144,2016
1900,"Sudwest Fryslan","47711537,14","18113000,88","15964768,53","13633767,73",2016
9,"Ten Boer","3314920,2",1745877913,"796953,4352","772088,8512",2016
715,"Terneuzen","31604419,92","11319459,33","11576640,31","8708320,28",2016
93,"Terschelling",1613367791,868173468,"278064,5436","467129,7791",2016
448,"Texel",7210837782,2503541596,"2856045,26",1851250926,2016
1525,"Teylingen","14479883,49",7350421769,3150996486,3978465238,2016
716,"Tholen","11592484,36",5553013288,2779694449,3259776624,2016
281,"Tiel","26150028,84",9823852994,"10716882,37",5609293478,2016
855,"Tilburg","177310315,4","52843702,51","44788953,19","79677659,67",2016
183,"Tubbergen",8047242391,2595739109,2555612629,2895890653,2016
1700,"Twenterand","22817411,35",7888422885,8462902731,6466085735,2016
1730,"Tynaarlo","13187143,61",5865395328,3100539556,4221208728,2016
737,"Tytsjerksteradiel","16208891,84",6706437832,4980128888,4522325125,2016
856,"Uden","24544135,96",9512439723,9599033299,5432662936,2016
450,"Uitgeest",3937840168,2000472653,"927669,9356",1009697579,2016
451,"Uithoorn",9893894103,5054516447,1707766513,3131611142,2016
184,"Urk",9432015868,4969102096,1908266825,2554646946,2016
344,"Utrecht",198638675,"63886726,94","30498612,88","104253335,2",2016
1581,"Utrechtse Heuvelrug","18176303,95",8994951345,2769029903,6412322699,2016
981,"Vaals",5319504294,1470900667,2305744486,1542859141,2016
994,"Valkenburg aan de Geul",8703536758,2667115015,"2917333,6",3119088143,2016
858,"Valkenswaard","13170524,37",4395354287,4398899737,4376270345,2016
47,"Veendam","26925165,11",9154262145,"12316452,63",5454450333,2016
345,"Veenendaal","32332886,71","15001102,17",9251171692,8080612844,2016
717,"Veere",6956330574,3121874635,1548388075,2286067864,2016
860,"Veghel","20162104,35",8134102199,7705370156,4322631994,2016
861,"Veldhoven","18264214,09",7837965302,4786575974,5639672814,2016
453,"Velsen","31335608,26","15383521,96",7597526502,8354559792,2016
983,"Venlo","97102500,8","22842789,37","19887717,43",54371994,2016
984,"Venray","26315250,62",8835422517,"11584972,19",5894855912,2016
620,"Vianen",6534231081,3340963013,"980795,3758",2212472693,2016
622,"Vlaardingen","52010540,71","15177304,45","12886510,07","23946726,19",2016
48,"Vlagtwedde","14500944,12",3337263209,"7889352,21",3274328696,2016
96,"Vlieland","264649,1049","134460,1684","2526,082489",127662854,2016
718,"Vlissingen","64585515,46",9986574095,"10890816,68","43708124,68",2016
986,"Voerendaal","6157097,67",2092159395,2100946052,1963992224,2016
626,"Voorschoten",8221096548,4166564946,1680351804,2374179798,2016
285,"Voorst","10885193,45",4835507331,2582214047,3467472068,2016
865,"Vught","13043515,86",4268674041,"5182449,4",3592392416,2016
866,"Waalre",5299976623,2030131724,1481288562,1788556337,2016
867,"Waalwijk","21833361,34","8280715,39",7131375782,6421270169,2016
627,"Waddinxveen","10564208,77",4972744753,"2674191,26",2917272754,2016
289,"Wageningen","14261190,2",5497689021,"4897571,87",3865929306,2016
629,"Wassenaar","7022039,61",2774060866,1661411579,2586567165,2016
852,"Waterland",4544512198,2031629293,"805210,8098",1707672094,2016
988,"Weert","27294519,47",9276815003,"10965357,84",7052346626,2016
457,"Weesp",6728924262,2995052868,1353546057,2380325338,2016
870,"Werkendam",9389360103,4119217891,2210747849,3059394362,2016
668,"West Maas en Waal",6701593918,2764365549,1758340411,2178887958,2016
1701,"Westerveld",9952745271,3527735104,3552036879,2872973288,2016
293,"Westervoort",9042295169,"3868771,93",3233944404,1939578834,2016
1783,"Westland","36190010,8","17531754,3",8487064464,"10171192,03",2016
98,"Weststellingwerf","14819897,06",5004919499,5834442273,3980535287,2016
614,"Westvoorne",4124514834,2207921289,"528843,6452","1387749,9",2016
189,"Wierden",8469636216,3130475112,2657319456,2681841648,2016
296,"Wijchen","19048056,14",7783108456,"6287805,04",4977142643,2016
1696,"Wijdemeren",6073325143,"2655050,16","951211,3205",2467063662,2016
352,"Wijk bij Duurstede",8810285548,"4543498,08",1787677731,2479109737,2016
53,"Winsum",7214808341,3090975369,2290007564,1833825408,2016
294,"Winterswijk","19165760,6",5570738034,8438548742,5156473822,2016
873,"Woensdrecht",9503742332,3840788551,2860486836,2802466944,2016
632,"Woerden","20726272,59",8754692285,"6471498,65",5500081659,2016
880,"Wormerland",5043878372,2666502409,"772171,7078",1605204256,2016
351,"Woudenberg","4331525,4",2365535687,"637659,5604",1328330153,2016
874,"Woudrichem",5801048282,"2708523,85",1318839406,1773685025,2016
479,"Zaanstad","78218378,62","33428254,57","15985313,45","28804810,6",2016
297,"Zaltbommel","11686783,3","4649049,17",3972443534,3065290597,2016
473,"Zandvoort",6122228329,2653609447,1225352644,2243266238,2016
707,"Zederik",4300744312,1973260087,"823487,5423",1503996683,2016
50,"Zeewolde",7594922761,5142249077,"716638,3365",1736035347,2016
355,"Zeist","32362924,37","17079535,58","6497865,34",8785523452,2016
299,"Zevenaar","15716116,16",6480212262,4526185723,4709718176,2016
637,"Zoetermeer","58356104,98","31893618,7","12576218,17","13886268,11",2016
638,"Zoeterwoude","3287582,1",1535714957,"702153,9299",1049713213,2016
56,"Zuidhorn",8778120069,4285727992,2293102689,2199289388,2016
1892,"Zuidplas","13721176,93",7458312892,2749689432,3513174611,2016
879,"Zundert",9822106635,"4220548,76",2503163083,3098394792,2016
301,"Zutphen","36030174,27","14329160,49","12961155,79",8739857995,2016
1896,"Zwartewaterland",8962634677,4546813994,1521862453,"2893958,23",2016
642,"Zwijndrecht","20000583,96",8523293319,5512964038,5964326603,2016
193,"Zwolle","126829239,6","32632246,93","18938826,2","75258166,44",2016
1680,"Aa en Hunze","11573606,05",4484238828,3421545739,3667821484,2017
738,"Aalburg",4959732415,2449109465,"1054532,63","1456090,32",2017
358,"Aalsmeer",7837871749,3668668765,1124040946,3045162038,2017
197,"Aalten","15810320,16",4996675872,6885052581,3928591706,2017
59,"Achtkarspelen","17888143,13",7374447073,6144084917,4369611137,2017
482,"Alblasserdam",8476273426,4347562465,1776932932,2351778028,2017
613,"Albrandswaard",7525322457,3748565801,1380778045,"2395978,61",2017
361,"Alkmaar","71310384,91","23828010,1","14295261,68","33187113,13",2017
141,"Almelo","66393133,24","20670488,96","17624044,26","28098600,01",2017
34,"Almere","134224756,2","55280858,58","19446599,82","59497297,8",2017
484,"Alphen aan den Rijn","47380657,19","22343454,5","12738169,4","12299033,29",2017
1723,"Alphen-Chaam",3122037545,1253628119,"822771,0526",1045638374,2017
60,"Ameland",1307834347,537176728,"391585,6728","379071,9463",2017
307,"Amersfoort",102869050,"36868605,51","21649402,68","44351041,82",2017
362,"Amstelveen","21778492,83","10578113,76",3118239647,8082139423,2017
363,"Amsterdam",504969865,"188870821,1","138344359,6","177754684,3",2017
200,"Apeldoorn","127497860,3","37810964,63","26280439,07","63406456,56",2017
3,"Appingedam","10715416,52",3193256642,4986966179,2535193704,2017
202,"Arnhem","167502813,4","41745464,62","41453275,88","84304072,9",2017
106,"Assen","84141867,5","19733295,82","18125455,21","46283116,48",2017
743,"Asten",6580504903,"2357078,51",2307469879,1915956514,2017
744,"Baarle-Nassau",2552854701,847903114,"613999,1113",1090952475,2017
308,"Baarn",9702423159,4674781904,1511727435,3515913819,2017
489,"Barendrecht","13988692,21","8054593,92",1985353572,3948744722,2017
203,"Barneveld","20343112,01","11735014,91",3000041917,"5608055,18",2017
5,"Bedum",5745956665,2484248074,1624557039,1637151553,2017
888,"Beek",7361566707,2786637956,2263852632,2311076119,2017
370,"Beemster",2958695961,1485795834,"440758,0968","1032142,03",2017
889,"Beesel",6927532502,2495366166,2146266594,2285899743,2017
7,"Bellingwedde",6574511412,1924964399,2938263213,"1711283,8",2017
1945,"Berg en Dal","17350054,83",6345149358,"5373864,42",5631041051,2017
1724,"Bergeijk",7621810909,2683438532,2862278054,2076094323,2017
893,"Bergen L",7312804603,2456586971,2816996793,"2039220,84",2017
373,"Bergen NH",9668560255,"3981451,78",1747193587,3939914889,2017
748,"Bergen op Zoom","46170262,19","12919124,75","13641193,09","19609944,35",2017
1859,"Berkelland","22549813,17",8037636484,8073802796,6438373895,2017
1721,"Bernheze","13419469,27",4844899266,5052774655,3521795349,2017
753,"Best","11494707,47",4461725738,3699464658,3333517073,2017
209,"Beuningen","10993388,5",4542112933,3488631067,2962644499,2017
375,"Beverwijk","19079755,21",8333599532,5604944297,5141211382,2017
585,"Binnenmaas","8382625,36",3750188724,1318667934,3313768702,2017
1728,"Bladel","10599136,68","2849906,45",5282405179,2466825055,2017
376,"Blaricum",2100207173,"846110,9938","288052,5325",966043647,2017
377,"Bloemendaal",5185422461,2316092641,"772664,2528",2096665568,2017
1901,"Bodegraven-Reeuwijk","10583714,43",5120894707,2150948351,3311871373,2017
755,"Boekel",4568130824,1814875491,1540745711,1212509622,2017
1681,"Borger-Odoorn","14720320,3",5124012037,5770598818,3825709441,2017
147,"Borne","10669497,92",3793750186,3377846156,3497901576,2017
654,"Borsele",8432650775,3994886418,1798178672,2639585685,2017
756,"Boxmeer","14570622,32",5095951329,5503927474,3970743517,2017
757,"Boxtel","21223807,35",8427999486,8819464126,3976343734,2017
758,"Breda","118637828,5","36426159,74","30241316,11","51970352,63",2017
501,"Brielle",4677672156,2116225891,"739174,1426",1822272122,2017
1876,"Bronckhorst","15441137,12",5886137652,"4409707,44",5145292031,2017
213,"Brummen",9215931596,3737556694,2426886118,3051488785,2017
899,"Brunssum","25042219,32",7865616185,"11661070,4",5515532737,2017
312,"Bunnik",3805602943,1822769313,"514852,3422",1467981288,2017
313,"Bunschoten",6293713517,3187454699,1197728254,1908530564,2017
214,"Buren",9133804235,3808897256,2498491645,2826415333,2017
502,"Capelle aan den IJssel","35167250,24","17169140,54","10006702,8",7991406896,2017
383,"Castricum",9526867857,4492149361,1348838168,3685880327,2017
109,"Coevorden","18224635,92",7057667812,5685357468,5481610645,2017
1706,"Cranendonck",7751131325,2600801786,2462723656,2687605883,2017
611,"Cromstrijen",4119112731,1776382629,"728925,6177",1613804484,2017
1684,"Cuijk","15511262,46",5657398493,6286352516,3567511449,2017
216,"Culemborg","12503649,29",5050713686,4339161422,3113774186,2017
148,"Dalfsen","10927990,76",4596015888,3170035453,3161939415,2017
1891,"Dantumadiel","13037143,62",4632149544,5224306039,3180688034,2017
310,"De Bilt","12578868,79","5900962,8",1829308567,4848597426,2017
1940,"De Fryske Marren","20586419,32",9163737076,4921009495,6501672746,2017
1663,"De Marne",5997542731,2242996903,1990604801,1763941028,2017
736,"De Ronde Venen","10999289,03",5093620587,1758618312,4147050134,2017
1690,"De Wolden",9048416441,3444809988,2516853662,3086752791,2017
503,"Delft","60119509,27","18214309,18","15224967,44","26680232,65",2017
10,"Delfzijl","18174205,95",7158253426,6352237758,"4663714,77",2017
400,"Den Helder","44617555,41","17418370,83",9184661904,"18014522,68",2017
762,"Deurne","16761705,81",7533105318,4874867499,4353732999,2017
150,"Deventer","78892606,67","25290659,29","22394476,93","31207470,45",2017
384,"Diemen",9553450026,4510018805,"2559185,66",2484245561,2017
1774,"Dinkelland","10363194,88",4370309305,2886856083,3106029489,2017
221,"Doesburg",7723488802,3029063347,2693260804,"2001164,65",2017
222,"Doetinchem","62327452,05","14091058,21","10455950,12","37780443,72",2017
766,"Dongen",9519241988,4004562657,2185343549,3329335783,2017
58,"Dongeradeel","17891350,22",6241926094,7553074315,4096349808,2017
505,"Dordrecht",109214719,"32398151,74","24072060,14","52744507,15",2017
498,"Drechterland",6923000486,3520221084,1326362701,2076416701,2017
1719,"Drimmelen",9047109857,3370153644,2202222076,3474734137,2017
303,"Dronten","16758481,36",9631009946,2530864887,4596606526,2017
225,"Druten",8743239203,3568960856,"2556462,98",2617815367,2017
226,"Duiven","10759063,03","5215228,08",2463864765,3079970182,2017
1711,"Echt-Susteren","16920337,11",6002271317,5500295039,5417770751,2017
385,"Edam-Volendam",9782101438,3905038449,2318821568,3558241421,2017
228,"Ede","66550659,59","23848075,28","11272839,56","31429744,75",2017
317,"Eemnes","2619869,75",1346035053,"414759,2504","859075,4468",2017
1651,"Eemsmond","13565307,6",4723318281,5431425846,3410563474,2017
770,"Eersel",9576053239,3609901063,3434916193,2531235984,2017
1903,"Eijsden-Margraten",9246525989,"3915981,12",2224492962,3106051907,2017
772,"Eindhoven","159353458,2","46078321,85","41429330,4","71845805,99",2017
230,"Elburg","11308501,84",4790719753,3572952842,2944829249,2017
114,"Emmen","97556048,93","27564773,38","32217819,79","37773455,76",2017
388,"Enkhuizen",9189970072,4268665862,2229313246,2691990964,2017
153,"Enschede","150422885,5","43510020,55","42563737,85","64349127,05",2017
232,"Epe","15659742,53",5589436151,5234375606,"4835930,77",2017
233,"Ermelo","15143019,72",7250297224,"3818674,62",4074047873,2017
777,"Etten-Leur","20814554,36","8490582,42",6731217574,5592754371,2017
1722,"Ferwerderadiel",4793746065,2058178459,1571672005,"1163895,6",2017
70,"Franekeradeel","13213398,31",5146287117,4340415023,3726696169,2017
779,"Geertruidenberg",8650758404,3369549659,2482671276,"2798537,47",2017
236,"Geldermalsen","9251566,28",3854098208,2454223166,2943244906,2017
1771,"Geldrop-Mierlo","18245427,39",7596428987,5550527989,5098470411,2017
1652,"Gemert-Bakel","14164348,12","5383300,71",5125024832,3656022575,2017
907,"Gennep","12322874,48",4127797419,"5148144,95",3046932114,2017
689,"Giessenlanden",4237043726,2006025085,"653284,7711","1577733,87",2017
784,"Gilze en Rijen","10058695,47",4532512729,2273722461,3252460277,2017
1924,"Goeree-Overflakkee","20664536,31",8521927018,5601652269,6540957025,2017
664,"Goes","20624976,19","7322386,89","7159821,45",6142767852,2017
785,"Goirle","11116559,48",4927770581,3133795077,3054993818,2017
1942,"Gooise Meren","15585639,4",7216113723,2786454962,5583070716,2017
512,"Gorinchem","20303330,84",8266262994,7079574107,4957493737,2017
513,"Gouda","57269900,38",21269416,"12491787,59","23508696,79",2017
786,"Grave",6346043701,2597167117,2052347361,1696529223,2017
14,"Groningen","171612581,4","43734633,61","42754769,41","85123178,37",2017
15,"Grootegast",6998676259,2939750297,2359538987,1699386975,2017
1729,"Gulpen-Wittem",6615370835,1930653054,2447679057,2237038723,2017
158,"Haaksbergen","10421958,95",4110876988,3254178161,3056903799,2017
788,"Haaren",5674960121,2037483934,1859249233,1778226953,2017
392,"Haarlem","104469311,3","28972636,32","19731083,57","55765591,36",2017
393,"Haarlemmerliede Spaarnw",1603083119,"939250,2635","160018,5244","503814,3307",2017
394,"Haarlemmermeer","45995317,71","24457919,37",7711943134,"13825455,21",2017
1655,"Halderberge","14875186,26",4709249512,5584885306,4581051446,2017
160,"Hardenberg","32919076,5","14387961,8","10526638,91",8004475793,2017
243,"Harderwijk","21924788,77","10186574,64",5832021314,5906192818,2017
523,"Hardinxveld-Giessendam",6448809315,3199978944,1199188981,"2049641,39",2017
17,"Haren",6186737907,2440917306,1351168774,2394651827,2017
72,"Harlingen","9811730,61",4183326645,3102049586,2526354379,2017
244,"Hattem",4559156573,2020326859,1131431758,1407397956,2017
396,"Heemskerk","16741910,69",7108763697,4867941516,4765205476,2017
397,"Heemstede",7921200607,2964250484,1735113423,3221836699,2017
246,"Heerde",8233146633,3219017668,2450282638,2563846327,2017
74,"Heerenveen","28584769,72","10583330,67","10587221,8","7414217,25",2017
398,"Heerhugowaard","25896481,67","14221354,73",5055956852,"6619170,09",2017
917,"Heerlen","116075351,7","26355188,5","37863394,29","51856768,86",2017
1658,"Heeze-Leende",5309767371,2028456257,1330688208,1950622907,2017
399,"Heiloo",7344241541,3375640576,1410553786,2558047179,2017
163,"Hellendoorn","16258089,01",7240357411,4198396799,4819334803,2017
530,"Hellevoetsluis","15133133,22","7377035,73",3102999655,"4653097,83",2017
794,"Helmond","79101519,73","25686800,19","23026734,87","30387984,68",2017
531,"Hendrik-Ido-Ambacht",8867696948,5215466211,1121213204,2531017533,2017
164,"Hengelo O","46279912,51","19067440,37","15669029,81","11543442,34",2017
63,"Het Bildt",5810210061,2601807948,"1717993,27",1490408844,2017
252,"Heumen",6378613755,2576069308,1804983631,1997560816,2017
797,"Heusden","17859368,92","7501575,77",5160616317,5197176829,2017
534,"Hillegom",8353597475,3803652575,1959859707,2590085193,2017
798,"Hilvarenbeek",5566190421,2049053153,1787916566,1729220703,2017
402,"Hilversum","48812289,1","15157791,84",9556317062,"24098180,19",2017
1735,"Hof van Twente","13001215,06",5246402051,3090956359,4663856651,2017
1911,"Hollands Kroon","17014462,8",7904351409,3674407671,5435703718,2017
118,"Hoogeveen","40673812,16","14361179,66",16617154,9695478512,2017
18,"Hoogezand-Sappemeer","28072522,99","11499264,47",9572785559,7000472956,2017
405,"Hoorn","46170721,41","18314777,2",7825456809,"20030487,4",2017
1507,"Horst aan de Maas","16719042,85",6771682093,4819076455,5128284301,2017
321,"Houten","15684211,87",9298357786,2218614033,4167240048,2017
406,"Huizen","14771702,31",6960590786,3001031976,4810079543,2017
677,"Hulst","13198747,05",4747864696,4363256047,4087626311,2017
353,"IJsselstein","12707347,58",6330232693,2786694972,3590419919,2017
1884,"Kaag en Braassem",7202980358,3003526816,1544506296,2654947246,2017
166,"Kampen","25577060,68","12318076,06",6625261935,6633722682,2017
678,"Kapelle",3845101287,1822191851,696700391,1326209045,2017
537,"Katwijk","25559463,2","11435108,57",6966452177,7157902447,2017
928,"Kerkrade","46293811,57","12746072,02","24229956,12",9317783431,2017
1598,"Koggenland",6898487233,3441413441,1215027827,2242045965,2017
79,"Kollumerland en Nwkruisl","9016579,47",3117255043,3224891707,"2674432,72",2017
588,"Korendijk",3613916211,1817416849,"597469,6888",1199029673,2017
542,"Krimpen aan den IJssel","12660639,92",6616850204,2876078143,3167711578,2017
1931,"Krimpenerwaard","18638567,43",9062800858,3747984855,5827781716,2017
1659,"Laarbeek",9647407055,3820091755,2993612635,2833702665,2017
1685,"Landerd",7536708065,3313439616,2374886731,1848381718,2017
882,"Landgraaf","29047474,4",9115951035,"13112856,88",6818666486,2017
415,"Landsmeer",2980341115,1644741458,"261150,5502",1074449107,2017
416,"Langedijk","9691774,53",5248957256,1624497837,2818319437,2017
1621,"Lansingerland","14546585,6",9364479073,1279875344,"3902231,18",2017
417,"Laren",2665814162,1015305377,"380111,3458","1270397,44",2017
22,"Leek","11637459,42",4768152491,3844016386,3025290546,2017
545,"Leerdam","10859088,18",5169018436,2593089217,3096980526,2017
80,"Leeuwarden","117157858,3","28488121,59","22747840,39","65921896,32",2017
81,"Leeuwarderadeel",4992061241,2313438079,1047940105,1630683057,2017
546,"Leiden","84722686,75","23026457,9","19938299,41","41757929,44",2017
547,"Leiderdorp","10190785,67",4578408534,2821125219,2791251916,2017
1916,"Leidschendam-Voorburg","25755338,5","11869303,35",5669294931,8216740219,2017
995,"Lelystad","47313067,3","26432134,1","10511472,75","10369460,45",2017
1640,"Leudal","16282070,12",7244935364,4381304758,4655829994,2017
327,"Leusden",8879548339,4388032132,1732583117,"2758933,09",2017
733,"Lingewaal",3329830491,1551970866,"550726,6528",1227132973,2017
1705,"Lingewaard","19007195,32",8238448903,5142030842,5626715576,2017
553,"Lisse",8082174788,3577949898,1843639818,2660585072,2017
140,"Littenseradiel",4144193995,1960405392,"956624,9729",1227163629,2017
262,"Lochem","13917461,28",6391738058,3149739806,4375983418,2017
809,"Loon op Zand","10831371,75",4141276733,3513855042,3176239973,2017
331,"Lopik",4721860961,2502693901,"855084,2696","1364082,79",2017
24,"Loppersum",5970866019,2426981446,"1798990,25",1744894323,2017
168,"Losser","11817970,94","4298016,01",4065908333,"3454046,6",2017
263,"Maasdriel",8943750101,3730374112,2529523889,"2683852,1",2017
1641,"Maasgouw","10673168,91",3890188665,"2808341,94",3974638302,2017
556,"Maassluis","16010743,97",6400928224,5439062386,4170753364,2017
935,"Maastricht","97103357,36","25552448,47","27252812,7","44298096,18",2017
25,"Marum",5272443937,2183110155,1740496127,1348837655,2017
420,"Medemblik","17318315,22",8762359948,3005834311,5550120963,2017
938,"Meerssen",8238024433,3325247228,2080381813,2832395392,2017
1908,"Menameradiel",5434199944,2431362761,1411852219,1590984965,2017
1987,"Menterwolde",9157470583,3505091545,3479179222,2173199816,2017
119,"Meppel","20405010,81",7807899424,7880683864,4716427521,2017
687,"Middelburg","25793133,9","11382067,19",8243524274,6167542439,2017
1842,"Midden-Delfland",4201935722,2031367735,"813190,4678",1357377519,2017
1731,"Midden-Drenthe","16196115,85",6431904049,5121240659,4642971143,2017
815,"Mill en Sint Hubert",6054458116,1973415025,2535875102,1545167989,2017
1709,"Moerdijk","14572715,49","6420836,44",3300403958,4851475093,2017
1927,"Molenwaard",9436676157,5763372153,1175200654,2498103349,2017
1955,"Montferland","18294606,07",6592050963,"6156788,75",5545766353,2017
335,"Montfoort U","3601692,64","1910847,25","533430,1412",1157415248,2017
944,"Mook en Middelaar",2833991319,1097848209,"823879,1084","912264,0016",2017
1740,"Neder-Betuwe",9553687956,4721590866,2029379849,2802717241,2017
946,"Nederweert","7424853,89",2646422784,2583417279,2195013827,2017
304,"Neerijnen",4254738834,1802225001,1195289375,1257224458,2017
356,"Nieuwegein","24940728,96","12132386,25",5102233793,7706108916,2017
569,"Nieuwkoop",8735809852,3955198592,1525940269,3254670992,2017
267,"Nijkerk","14242439,36",7188233028,2641845485,4412360844,2017
268,"Nijmegen","146467619,7","37608854,49","35456306,13","73402459,09",2017
1930,"Nissewaard","54919040,85","19278271,54",9744641369,"25896127,94",2017
1695,"Noord-Beveland",3179893055,"1591856,14","609878,0239","978158,8909",2017
1699,"Noordenveld","13930547,87",5168607291,4430276842,"4331663,74",2017
171,"Noordoostpolder","21969730,39","10249565,71",6120786794,5599377891,2017
575,"Noordwijk",8934569867,3610490162,2073009208,3251070497,2017
576,"Noordwijkerhout",5890587197,2751716684,1224855162,1914015351,2017
820,"Nuenen c.a.",7316518807,"2840687,25",2050174586,"2425656,97",2017
302,"Nunspeet","11834748,72","5180786,03",3264516874,3389445812,2017
951,"Nuth",7573201745,2288753598,2839754631,2444693515,2017
579,"Oegstgeest",6694602201,3524213028,1147493243,"2022895,93",2017
823,"Oirschot","7356841,62",2391904605,2975168342,1989768673,2017
824,"Oisterwijk","11921782,8",4568553749,3965088083,3388140969,2017
1895,"Oldambt",36876393,"11747239,4","17152679,62",7976473971,2017
269,"Oldebroek",9688360213,4039024997,2584166983,3065168232,2017
173,"Oldenzaal","18899765,44",6423659693,7657118983,4818986762,2017
1773,"Olst-Wijhe",7998281558,3274476692,2228380962,2495423904,2017
175,"Ommen",9227783691,3613230827,3363616203,"2250936,66",2017
881,"Onderbanken",5490185457,1802647676,2227360662,1460177119,2017
1586,"Oost Gelre","17875925,97",6942374079,6929828562,4003723333,2017
826,"Oosterhout","24738782,99","10939696,11",6643606829,7155480047,2017
85,"Ooststellingwerf","14752970,65",5824726957,"4712105,91",4216137782,2017
431,"Oostzaan",2373879967,1211545097,"305036,2326","857298,6368",2017
432,"Opmeer",3583163845,1849076811,"499391,2956",1234695738,2017
86,"Opsterland","15393294,13",6940202934,4389404916,4063686281,2017
828,"Oss","77836725,46","22361010,25","22297140,06","33178575,15",2017
584,"Oud-Beijerland",8305017987,3973449792,1624540347,2707027848,2017
1509,"Oude IJsselstreek","20393304,2",8159012428,6058218543,6176073229,2017
437,"Ouder-Amstel",3182810061,1566194592,"388258,2515",1228357217,2017
589,"Oudewater",2785116391,1239068636,"523930,4441",1022117311,2017
1734,"Overbetuwe","20944013,26","10852219,5",4781932273,5309861491,2017
590,"Papendrecht","12133783,64",5891010111,2623284764,"3619488,76",2017
1894,"Peel en Maas","19043067,77",6962748153,6426928227,5653391395,2017
765,"Pekela","13928659,15",4484292497,6855545176,"2588821,48",2017
1926,"Pijnacker-Nootdorp","15847588,22",9893340715,1997102592,3957144909,2017
439,"Purmerend","43427702,25","18195082,32",8684611279,"16548008,65",2017
273,"Putten",9604732895,"4396478,14",2241270094,2966984661,2017
177,"Raalte","15851792,77",6391907867,4745739354,4714145548,2017
703,"Reimerswaal",8661969809,4499453934,1626892379,2535623496,2017
274,"Renkum","17473378,88",9328467555,3472627271,4672284054,2017
339,"Renswoude",1652381654,"952645,1176","318210,8783",381525658,2017
1667,"Reusel-De Mierden",6481523645,1930083971,"3006410,22",1545029454,2017
275,"Rheden","25179178,64",9512058789,8218509818,7448610032,2017
340,"Rhenen",7623490581,3286852753,1972623444,2364014384,2017
597,"Ridderkerk","16550841,15","6490655,19","4032819,1","6027366,86",2017
196,"Rijnwaarden",5982950835,2194856732,1996106403,"1791987,7",2017
1742,"Rijssen-Holten","16219845,63",7875873628,"3988021,49",4355950516,2017
603,"Rijswijk","20203302,72",9021283136,4790592323,6391427256,2017
1669,"Roerdalen","10147812,9",3569289797,3497958798,3080564308,2017
957,"Roermond","37854256,48","13499700,99","15134988,07",9219567411,2017
1674,"Roosendaal","45959355,75","18076007,91","16814596,35","11068751,48",2017
599,"Rotterdam","436422718,2","158443177,7","114094556,9","163884983,6",2017
277,"Rozendaal","257338,2484","68849,94402","38104,47168","150383,8327",2017
840,"Rucphen","14981241,89",3680373346,7397838409,3903030135,2017
441,"Schagen","18707739,63",7957572065,4960970477,5789197083,2017
279,"Scherpenzeel",3017899372,1765784279,"300937,7412","951177,3516",2017
606,"Schiedam","40612730,82","16397904,21","14714123,29",9500703324,2017
88,"Schiermonnikoog","286480,1048","149579,8809","28689,4809",108210743,2017
844,"Schijndel","14793965,44",5010709421,6445535041,3337720974,2017
962,"Schinnen",6650398424,2316583375,1933778088,"2400036,96",2017
1676,"Schouwen-Duiveland","15551049,26",5201061215,5657093474,4692894574,2017
518,"'s-Gravenhage",320207908,"121647036,3","80959225,73",117601646,2017
796,"'s-Hertogenbosch","104399215,2","33183472,92","29485302,24","41730440,04",2017
965,"Simpelveld",7110816762,"2571088,45",2838696665,1701031648,2017
1702,"Sint-Anthonis",5024711443,1933533636,"1480868,85",1610308957,2017
845,"Sint-Michielsgestel","13657005,87",5187241347,4956095984,3513668539,2017
846,"Sint-Oedenrode",7604068451,2954198663,2662014838,1987854949,2017
1883,"Sittard-Geleen","58277924,82","21696461,36","20250724,45","16330739,02",2017
610,"Sliedrecht","12539991,59",5754987786,2999741737,3785262069,2017
40,"Slochteren",7502167034,3515675026,1921948757,2064543251,2017
1714,"Sluis",9603190447,"3463740,5",2721848471,3417601476,2017
90,"Smallingerland","37869161,85","16037335,18","13134144,92",8697681745,2017
342,"Soest","17324477,16",8090978203,3969007403,5264491553,2017
847,"Someren",7478224024,2910997204,2263353166,2303873654,2017
848,"Son en Breugel",5333756448,2193036276,1289563636,1851156536,2017
37,"Stadskanaal","35563190,01","10789927,15","17924086,48",6849176374,2017
180,"Staphorst","5717045,51",2567229497,1264332844,1885483169,2017
532,"Stede Broec",9748610939,4634395796,2379631215,2734583927,2017
851,"Steenbergen","10651917,21",4180898113,3080251905,3390767188,2017
1708,"Steenwijkerland","25222263,41",9777269049,8807639915,6637354447,2017
971,"Stein","12698499,04",4633636704,4189705584,3875156756,2017
1904,"Stichtse Vecht","19819342,5",9073142232,4230953888,6515246375,2017
617,"Strijen",3264338232,1517726994,"617007,7997",1129603438,2017
1900,"Sudwest Fryslan","45008572,13","17692346,92",15147466,"12168759,21",2017
9,"Ten Boer",3267054677,1731447658,"773602,0139","762005,0042",2017
715,"Terneuzen","30293220,24","10982561,41","10874065,61",8436593219,2017
93,"Terschelling",1423889063,"692099,4918","259499,0957","472290,4759",2017
448,"Texel",7011817033,2518176771,2657874546,1835765717,2017
1525,"Teylingen","12967465,55",6501855226,2978227297,"3487383,03",2017
716,"Tholen","11375805,43",5379284553,2622846614,3373674265,2017
281,"Tiel","25819982,89",9816506093,"10166329,72",5837147077,2017
855,"Tilburg",171503501,"52699287,16","41817775,03","76986438,79",2017
183,"Tubbergen",7778458361,2901233395,2353186912,2524038053,2017
1700,"Twenterand","21996826,28",8388876896,7799128061,5808821323,2017
1730,"Tynaarlo","12406088,86",5292092663,2879574169,4234422032,2017
737,"Tytsjerksteradiel","15885511,04",6915668298,4640004216,4329838524,2017
856,"Uden","23212940,48",8909666922,"8861831,4","5441442,16",2017
450,"Uitgeest",3844107817,1943410732,"875660,63",1025036455,2017
451,"Uithoorn",9429329094,4701281679,1623062751,3104984664,2017
184,"Urk",9358420215,5281801343,1779195088,2297423784,2017
344,"Utrecht","195853067,6","59051286,28","29035630,25","107766151,1",2017
1581,"Utrechtse Heuvelrug","17192417,78",8298920876,2574262588,6319234315,2017
981,"Vaals",5121839474,1513567835,2118444998,"1489826,64",2017
994,"Valkenburg aan de Geul",8375016947,2884547941,2702191433,2788277573,2017
858,"Valkenswaard","12920359,1",4501756713,4106394383,4312208001,2017
47,"Veendam","25779253,73",9028986846,"11592867,48",5157399408,2017
345,"Veenendaal","31275596,28","14914068,55",8700125538,7661402193,2017
717,"Veere",6522004082,"2831760,38",1410238846,2280004856,2017
860,"Veghel","19341792,22",7709314373,"7134689,43","4497788,42",2017
861,"Veldhoven","17562025,89","7378579,73",4470749385,5712696774,2017
453,"Velsen","29005523,46","13532227,41",7186427447,8286868607,2017
983,"Venlo","94948546,99","20225627,23","18775277,02","55947642,74",2017
984,"Venray","25360396,45",8518768411,"10719883,51",6121744522,2017
620,"Vianen",6562970099,3382265112,"933720,6563","2246984,33",2017
622,"Vlaardingen","51956007,37","15064430,46","12203909,97","24687666,94",2017
48,"Vlagtwedde","14191985,98","3626004,83",7351449897,3214531252,2017
96,"Vlieland",291102296,"155485,4861","3414,595661","132202,2143",2017
718,"Vlissingen","64743028,89",9348665313,"10205822,06","45188541,52",2017
986,"Voerendaal",5671700692,2025244677,1888758767,1757697249,2017
626,"Voorschoten",7812195359,3844326979,1577882224,2389986156,2017
285,"Voorst","11308964,51",5482445182,2413206138,3413313189,2017
865,"Vught","12875519,25",4529075211,4828086129,3518357906,2017
866,"Waalre",5284075281,2163894066,1366159577,1754021638,2017
867,"Waalwijk","21703803,69",8644441051,"6596045,31",6463317331,2017
627,"Waddinxveen","10210377,42",4775299637,2526551239,2908526545,2017
289,"Wageningen","13553068,07",5352994559,4449124732,3750948782,2017
629,"Wassenaar",7041935619,2994339952,1533760918,2513834748,2017
852,"Waterland",4714910861,2102642137,"769918,7415",1842349982,2017
988,"Weert","26420241,01",9146341207,"10132945,69",7140954121,2017
457,"Weesp",6205817151,2760055875,1270710199,2175051077,2017
870,"Werkendam",9493569259,4296963651,2105397031,3091208578,2017
668,"West Maas en Waal",6625282724,2648587916,1619879401,2356815407,2017
1701,"Westerveld",9524396254,3380064088,3305622866,"2838709,3",2017
293,"Westervoort",8766370525,3687271584,3063554269,2015544672,2017
1783,"Westland","35452180,23","16539961,01",7876003783,"11036215,44",2017
98,"Weststellingwerf","14589403,28",5293202488,"5381952,36",3914248436,2017
614,"Westvoorne","4446608,96","2424083,77","507221,0188",1515304171,2017
189,"Wierden",8456559467,3473497318,2409242935,2573819215,2017
296,"Wijchen","18626864,48",7677131281,5881670297,5068062903,2017
1696,"Wijdemeren",5899199141,"2568322,98","869118,4878",2461757673,2017
352,"Wijk bij Duurstede",8594633065,4433664181,1680110081,2480858804,2017
53,"Winsum",6914102916,2927581788,2183357871,1803163257,2017
294,"Winterswijk","18190058,45",5641050096,7912442268,4636566088,2017
873,"Woensdrecht",9882873783,4476287363,2591432957,2815153463,2017
632,"Woerden","19777901,41",8317719638,5915084238,5545097539,2017
880,"Wormerland",4995851236,2603767135,"717151,8624",1674932239,2017
351,"Woudenberg",4545546989,2611974432,"615170,9575",1318401599,2017
874,"Woudrichem",5562080999,2550511726,1252412074,1759157199,2017
479,"Zaanstad","80332651,35","35204540,58","15543879,61","29584231,16",2017
297,"Zaltbommel","11603824,59",4871854279,3628498718,3103471594,2017
473,"Zandvoort",6166821074,2664594216,1205744757,2296482101,2017
707,"Zederik",4383213961,2101938113,794046461,1487229387,2017
50,"Zeewolde",7340295615,4817397581,"660467,3868",1862430648,2017
355,"Zeist","30599950,97","15822589,23",6235220069,8542141669,2017
299,"Zevenaar","15516750,69",6492535847,4341551188,"4682663,66",2017
637,"Zoetermeer","57597465,04","32057802,38","11633849,13","13905813,52",2017
638,"Zoeterwoude",3108980613,1291480694,"666739,1423",1150760777,2017
56,"Zuidhorn",8487281367,4151728048,"2112932,83",2222620489,2017
1892,"Zuidplas","14037081,47",7647729188,2519608435,3869743843,2017
879,"Zundert",9372308237,"3916254,85",2340187343,3115866044,2017
301,"Zutphen","34558469,39","14257625,85","12395019,5",7905824039,2017
1896,"Zwartewaterland",8696451692,4739621631,1392808581,2564021481,2017
642,"Zwijndrecht","20067989,49",9061310169,5259394026,5747285294,2017
193,"Zwolle","128859908,5","33895778,79","17878890,88","77085238,86",2017
